freq_Hz,A0_dB,A1_dB,B_dB,B0_dB,B2_dB
1.000000e+06,-0.190,-0.190,-26.443,-9.583,-26.360
1.023293e+06,-0.190,-0.190,-26.462,-9.583,-26.379
1.047129e+06,-0.190,-0.190,-26.480,-9.583,-26.397
1.071519e+06,-0.190,-0.190,-26.499,-9.582,-26.416
1.096478e+06,-0.190,-0.190,-26.518,-9.582,-26.434
1.122018e+06,-0.190,-0.190,-26.536,-9.581,-26.453
1.148154e+06,-0.190,-0.190,-26.555,-9.581,-26.471
1.174898e+06,-0.190,-0.190,-26.574,-9.581,-26.490
1.202264e+06,-0.190,-0.190,-26.593,-9.581,-26.509
1.230269e+06,-0.190,-0.190,-26.612,-9.580,-26.527
1.258925e+06,-0.190,-0.190,-26.631,-9.580,-26.546
1.288250e+06,-0.190,-0.190,-26.650,-9.580,-26.565
1.318257e+06,-0.190,-0.190,-26.669,-9.580,-26.584
1.348963e+06,-0.190,-0.190,-26.688,-9.579,-26.603
1.380384e+06,-0.190,-0.190,-26.707,-9.579,-26.622
1.412538e+06,-0.190,-0.190,-26.727,-9.579,-26.641
1.445440e+06,-0.190,-0.190,-26.746,-9.579,-26.660
1.479108e+06,-0.190,-0.190,-26.765,-9.579,-26.679
1.513561e+06,-0.190,-0.190,-26.785,-9.578,-26.698
1.548817e+06,-0.190,-0.190,-26.804,-9.578,-26.718
1.584893e+06,-0.190,-0.190,-26.824,-9.578,-26.737
1.621810e+06,-0.190,-0.190,-26.843,-9.578,-26.756
1.659587e+06,-0.190,-0.190,-26.863,-9.578,-26.776
1.698244e+06,-0.190,-0.190,-26.882,-9.578,-26.795
1.737801e+06,-0.190,-0.190,-26.902,-9.577,-26.814
1.778279e+06,-0.190,-0.190,-26.922,-9.577,-26.834
1.819701e+06,-0.190,-0.190,-26.941,-9.577,-26.853
1.862087e+06,-0.190,-0.190,-26.961,-9.577,-26.873
1.905461e+06,-0.190,-0.190,-26.981,-9.577,-26.893
1.949845e+06,-0.190,-0.190,-27.001,-9.577,-26.912
1.995262e+06,-0.190,-0.190,-27.021,-9.577,-26.932
2.041738e+06,-0.190,-0.190,-27.041,-9.577,-26.952
2.089296e+06,-0.190,-0.190,-27.061,-9.576,-26.972
2.137962e+06,-0.190,-0.190,-27.081,-9.576,-26.992
2.187762e+06,-0.190,-0.190,-27.101,-9.576,-27.012
2.238721e+06,-0.190,-0.190,-27.122,-9.576,-27.032
2.290868e+06,-0.190,-0.190,-27.142,-9.576,-27.052
2.344229e+06,-0.190,-0.190,-27.162,-9.576,-27.072
2.398833e+06,-0.190,-0.190,-27.183,-9.576,-27.092
2.454709e+06,-0.190,-0.190,-27.203,-9.576,-27.112
2.511886e+06,-0.190,-0.190,-27.224,-9.576,-27.133
2.570396e+06,-0.190,-0.190,-27.244,-9.576,-27.153
2.630268e+06,-0.190,-0.190,-27.265,-9.576,-27.173
2.691535e+06,-0.190,-0.190,-27.285,-9.576,-27.194
2.754229e+06,-0.190,-0.190,-27.306,-9.576,-27.214
2.818383e+06,-0.190,-0.190,-27.327,-9.576,-27.235
2.884032e+06,-0.190,-0.190,-27.348,-9.576,-27.255
2.951209e+06,-0.190,-0.190,-27.369,-9.575,-27.276
3.019952e+06,-0.190,-0.190,-27.389,-9.575,-27.296
3.090295e+06,-0.190,-0.190,-27.410,-9.575,-27.317
3.162278e+06,-0.190,-0.190,-27.431,-9.575,-27.338
3.235937e+06,-0.190,-0.190,-27.453,-9.575,-27.359
3.311311e+06,-0.190,-0.190,-27.474,-9.575,-27.380
3.388442e+06,-0.190,-0.190,-27.495,-9.575,-27.401
3.467369e+06,-0.190,-0.190,-27.516,-9.575,-27.422
3.548134e+06,-0.190,-0.190,-27.537,-9.575,-27.443
3.630781e+06,-0.190,-0.190,-27.559,-9.575,-27.464
3.715352e+06,-0.190,-0.190,-27.580,-9.575,-27.485
3.801894e+06,-0.190,-0.190,-27.602,-9.575,-27.506
3.890451e+06,-0.190,-0.190,-27.623,-9.575,-27.527
3.981072e+06,-0.190,-0.190,-27.645,-9.575,-27.549
4.073803e+06,-0.190,-0.190,-27.666,-9.575,-27.570
4.168694e+06,-0.190,-0.190,-27.688,-9.575,-27.592
4.265795e+06,-0.190,-0.190,-27.710,-9.575,-27.613
4.365158e+06,-0.190,-0.190,-27.732,-9.575,-27.635
4.466836e+06,-0.190,-0.190,-27.754,-9.575,-27.656
4.570882e+06,-0.190,-0.190,-27.776,-9.575,-27.678
4.677351e+06,-0.190,-0.190,-27.798,-9.575,-27.700
4.786301e+06,-0.190,-0.190,-27.820,-9.575,-27.721
4.897788e+06,-0.190,-0.190,-27.842,-9.575,-27.743
5.011872e+06,-0.190,-0.190,-27.864,-9.575,-27.765
5.128614e+06,-0.190,-0.190,-27.886,-9.575,-27.787
5.248075e+06,-0.190,-0.190,-27.908,-9.575,-27.809
5.370318e+06,-0.190,-0.190,-27.931,-9.575,-27.831
5.495409e+06,-0.190,-0.190,-27.953,-9.575,-27.853
5.623413e+06,-0.190,-0.190,-27.976,-9.575,-27.875
5.754399e+06,-0.190,-0.190,-27.998,-9.575,-27.898
5.888437e+06,-0.190,-0.190,-28.021,-9.575,-27.920
6.025596e+06,-0.190,-0.190,-28.044,-9.575,-27.942
6.165950e+06,-0.190,-0.190,-28.066,-9.575,-27.965
6.309573e+06,-0.190,-0.190,-28.089,-9.575,-27.987
6.456542e+06,-0.190,-0.190,-28.112,-9.575,-28.010
6.606934e+06,-0.190,-0.190,-28.135,-9.575,-28.032
6.760830e+06,-0.190,-0.190,-28.158,-9.575,-28.055
6.918310e+06,-0.190,-0.190,-28.181,-9.575,-28.078
7.079458e+06,-0.190,-0.190,-28.204,-9.575,-28.100
7.244360e+06,-0.190,-0.190,-28.227,-9.575,-28.123
7.413102e+06,-0.190,-0.190,-28.250,-9.575,-28.146
7.585776e+06,-0.190,-0.190,-28.274,-9.575,-28.169
7.762471e+06,-0.190,-0.190,-28.297,-9.575,-28.192
7.943282e+06,-0.190,-0.190,-28.321,-9.575,-28.215
8.128305e+06,-0.190,-0.190,-28.344,-9.575,-28.238
8.317638e+06,-0.190,-0.190,-28.368,-9.575,-28.261
8.511380e+06,-0.190,-0.190,-28.391,-9.575,-28.285
8.709636e+06,-0.190,-0.190,-28.415,-9.575,-28.308
8.912509e+06,-0.190,-0.190,-28.439,-9.575,-28.331
9.120108e+06,-0.190,-0.190,-28.463,-9.575,-28.355
9.332543e+06,-0.190,-0.190,-28.486,-9.575,-28.378
9.549926e+06,-0.190,-0.190,-28.510,-9.575,-28.402
9.772372e+06,-0.190,-0.190,-28.534,-9.575,-28.425
1.000000e+07,-0.190,-0.190,-28.558,-9.575,-28.449
1.023293e+07,-0.190,-0.190,-28.583,-9.575,-28.473
1.047129e+07,-0.190,-0.190,-28.607,-9.575,-28.496
1.071519e+07,-0.190,-0.190,-28.631,-9.575,-28.520
1.096478e+07,-0.190,-0.190,-28.655,-9.575,-28.544
1.122018e+07,-0.190,-0.190,-28.680,-9.575,-28.568
1.148154e+07,-0.190,-0.190,-28.704,-9.575,-28.592
1.174898e+07,-0.190,-0.190,-28.729,-9.575,-28.616
1.202264e+07,-0.190,-0.190,-28.754,-9.575,-28.640
1.230269e+07,-0.190,-0.190,-28.778,-9.575,-28.664
1.258925e+07,-0.190,-0.190,-28.803,-9.575,-28.689
1.288250e+07,-0.190,-0.190,-28.828,-9.575,-28.713
1.318257e+07,-0.190,-0.190,-28.853,-9.575,-28.737
1.348963e+07,-0.190,-0.190,-28.878,-9.575,-28.761
1.380384e+07,-0.190,-0.190,-28.903,-9.575,-28.786
1.412538e+07,-0.190,-0.190,-28.928,-9.575,-28.810
1.445440e+07,-0.190,-0.190,-28.953,-9.575,-28.835
1.479108e+07,-0.190,-0.190,-28.978,-9.575,-28.859
1.513561e+07,-0.190,-0.190,-29.003,-9.575,-28.884
1.548817e+07,-0.190,-0.190,-29.029,-9.575,-28.909
1.584893e+07,-0.190,-0.190,-29.054,-9.575,-28.933
1.621810e+07,-0.190,-0.190,-29.080,-9.575,-28.958
1.659587e+07,-0.190,-0.190,-29.105,-9.575,-28.983
1.698244e+07,-0.190,-0.190,-29.131,-9.575,-29.008
1.737801e+07,-0.190,-0.190,-29.156,-9.575,-29.032
1.778279e+07,-0.190,-0.190,-29.182,-9.575,-29.057
1.819701e+07,-0.190,-0.190,-29.208,-9.575,-29.082
1.862087e+07,-0.190,-0.190,-29.234,-9.575,-29.107
1.905461e+07,-0.190,-0.190,-29.260,-9.575,-29.132
1.949845e+07,-0.190,-0.190,-29.286,-9.575,-29.157
1.995262e+07,-0.190,-0.190,-29.312,-9.575,-29.182
2.041738e+07,-0.190,-0.190,-29.338,-9.574,-29.207
2.089296e+07,-0.190,-0.190,-29.364,-9.574,-29.232
2.137962e+07,-0.190,-0.190,-29.390,-9.574,-29.258
2.187762e+07,-0.190,-0.190,-29.416,-9.574,-29.283
2.238721e+07,-0.190,-0.190,-29.443,-9.574,-29.308
2.290868e+07,-0.190,-0.190,-29.469,-9.574,-29.333
2.344229e+07,-0.190,-0.190,-29.496,-9.574,-29.358
2.398833e+07,-0.190,-0.190,-29.522,-9.574,-29.383
2.454709e+07,-0.190,-0.190,-29.548,-9.574,-29.408
2.511886e+07,-0.190,-0.190,-29.575,-9.574,-29.433
2.570396e+07,-0.190,-0.190,-29.602,-9.574,-29.459
2.630268e+07,-0.190,-0.190,-29.628,-9.574,-29.484
2.691535e+07,-0.190,-0.190,-29.655,-9.574,-29.509
2.754229e+07,-0.190,-0.190,-29.682,-9.574,-29.534
2.818383e+07,-0.190,-0.190,-29.709,-9.574,-29.559
2.884032e+07,-0.190,-0.190,-29.735,-9.574,-29.584
2.951209e+07,-0.190,-0.190,-29.762,-9.574,-29.609
3.019952e+07,-0.190,-0.190,-29.789,-9.574,-29.634
3.090295e+07,-0.190,-0.190,-29.816,-9.574,-29.659
3.162278e+07,-0.190,-0.190,-29.843,-9.574,-29.684
3.235937e+07,-0.190,-0.190,-29.870,-9.574,-29.708
3.311311e+07,-0.190,-0.190,-29.897,-9.575,-29.733
3.388442e+07,-0.190,-0.190,-29.924,-9.575,-29.758
3.467369e+07,-0.190,-0.190,-29.951,-9.575,-29.782
3.548134e+07,-0.190,-0.190,-29.978,-9.575,-29.806
3.630781e+07,-0.190,-0.190,-30.005,-9.575,-29.831
3.715352e+07,-0.190,-0.190,-30.032,-9.575,-29.855
3.801894e+07,-0.190,-0.190,-30.059,-9.575,-29.879
3.890451e+07,-0.190,-0.190,-30.086,-9.575,-29.903
3.981072e+07,-0.190,-0.190,-30.113,-9.575,-29.927
4.073803e+07,-0.190,-0.190,-30.140,-9.575,-29.950
4.168694e+07,-0.190,-0.190,-30.167,-9.575,-29.974
4.265795e+07,-0.190,-0.190,-30.194,-9.575,-29.997
4.365158e+07,-0.190,-0.190,-30.221,-9.575,-30.020
4.466836e+07,-0.190,-0.190,-30.248,-9.575,-30.043
4.570882e+07,-0.190,-0.190,-30.274,-9.575,-30.065
4.677351e+07,-0.191,-0.191,-30.301,-9.575,-30.087
4.786301e+07,-0.191,-0.191,-30.328,-9.575,-30.109
4.897788e+07,-0.191,-0.191,-30.355,-9.575,-30.131
5.011872e+07,-0.191,-0.191,-30.381,-9.575,-30.153
5.128614e+07,-0.191,-0.191,-30.408,-9.575,-30.174
5.248075e+07,-0.191,-0.191,-30.434,-9.575,-30.195
5.370318e+07,-0.191,-0.191,-30.460,-9.575,-30.215
5.495409e+07,-0.191,-0.191,-30.486,-9.575,-30.235
5.623413e+07,-0.191,-0.191,-30.512,-9.575,-30.255
5.754399e+07,-0.191,-0.191,-30.538,-9.575,-30.274
5.888437e+07,-0.191,-0.191,-30.564,-9.575,-30.293
6.025596e+07,-0.191,-0.191,-30.590,-9.575,-30.311
6.165950e+07,-0.191,-0.191,-30.615,-9.575,-30.329
6.309573e+07,-0.191,-0.191,-30.640,-9.575,-30.346
6.456542e+07,-0.191,-0.191,-30.665,-9.575,-30.363
6.606934e+07,-0.191,-0.191,-30.690,-9.575,-30.379
6.760830e+07,-0.191,-0.191,-30.715,-9.575,-30.394
6.918310e+07,-0.191,-0.191,-30.739,-9.575,-30.409
7.079458e+07,-0.191,-0.191,-30.763,-9.575,-30.423
7.244360e+07,-0.191,-0.191,-30.787,-9.575,-30.436
7.413102e+07,-0.191,-0.191,-30.810,-9.575,-30.449
7.585776e+07,-0.191,-0.191,-30.834,-9.575,-30.461
7.762471e+07,-0.191,-0.191,-30.856,-9.575,-30.472
7.943282e+07,-0.191,-0.191,-30.879,-9.575,-30.482
8.128305e+07,-0.191,-0.191,-30.901,-9.575,-30.491
8.317638e+07,-0.191,-0.191,-30.923,-9.575,-30.499
8.511380e+07,-0.191,-0.191,-30.944,-9.575,-30.506
8.709636e+07,-0.191,-0.191,-30.965,-9.575,-30.513
8.912509e+07,-0.192,-0.192,-30.985,-9.575,-30.518
9.120108e+07,-0.192,-0.192,-31.005,-9.575,-30.521
9.332543e+07,-0.192,-0.192,-31.025,-9.575,-30.524
9.549926e+07,-0.192,-0.192,-31.043,-9.575,-30.525
9.772372e+07,-0.192,-0.192,-31.062,-9.575,-30.526
1.000000e+08,-0.192,-0.192,-31.079,-9.575,-30.524
1.023293e+08,-0.192,-0.192,-31.096,-9.575,-30.522
1.047129e+08,-0.192,-0.192,-31.113,-9.575,-30.518
1.071519e+08,-0.192,-0.192,-31.128,-9.575,-30.512
1.096478e+08,-0.192,-0.192,-31.143,-9.575,-30.505
1.122018e+08,-0.192,-0.192,-31.157,-9.575,-30.496
1.148154e+08,-0.192,-0.192,-31.170,-9.575,-30.485
1.174898e+08,-0.193,-0.193,-31.183,-9.575,-30.473
1.202264e+08,-0.193,-0.193,-31.194,-9.575,-30.459
1.230269e+08,-0.193,-0.193,-31.205,-9.575,-30.443
1.258925e+08,-0.193,-0.193,-31.214,-9.575,-30.425
1.288250e+08,-0.193,-0.193,-31.223,-9.575,-30.405
1.318257e+08,-0.193,-0.193,-31.230,-9.575,-30.383
1.348963e+08,-0.193,-0.193,-31.236,-9.575,-30.359
1.380384e+08,-0.193,-0.193,-31.241,-9.575,-30.333
1.412538e+08,-0.194,-0.194,-31.245,-9.575,-30.304
1.445440e+08,-0.194,-0.194,-31.248,-9.575,-30.274
1.479108e+08,-0.194,-0.194,-31.249,-9.575,-30.241
1.513561e+08,-0.194,-0.194,-31.249,-9.575,-30.205
1.548817e+08,-0.194,-0.194,-31.248,-9.575,-30.168
1.584893e+08,-0.195,-0.195,-31.245,-9.575,-30.128
1.621810e+08,-0.195,-0.195,-31.240,-9.575,-30.085
1.659587e+08,-0.195,-0.195,-31.234,-9.575,-30.039
1.698244e+08,-0.195,-0.195,-31.227,-9.575,-29.992
1.737801e+08,-0.195,-0.195,-31.217,-9.575,-29.941
1.778279e+08,-0.196,-0.196,-31.206,-9.575,-29.888
1.819701e+08,-0.196,-0.196,-31.193,-9.575,-29.832
1.862087e+08,-0.196,-0.196,-31.178,-9.575,-29.773
1.905461e+08,-0.197,-0.197,-31.162,-9.575,-29.712
1.949845e+08,-0.197,-0.197,-31.143,-9.575,-29.648
1.995262e+08,-0.197,-0.197,-31.123,-9.575,-29.581
2.041738e+08,-0.198,-0.198,-31.100,-9.575,-29.511
2.089296e+08,-0.198,-0.198,-31.075,-9.575,-29.438
2.137962e+08,-0.198,-0.198,-31.048,-9.575,-29.363
2.187762e+08,-0.199,-0.199,-31.019,-9.575,-29.284
2.238721e+08,-0.199,-0.199,-30.987,-9.575,-29.203
2.290868e+08,-0.199,-0.199,-30.953,-9.575,-29.119
2.344229e+08,-0.200,-0.200,-30.917,-9.576,-29.032
2.398833e+08,-0.200,-0.200,-30.879,-9.576,-28.943
2.454709e+08,-0.201,-0.201,-30.838,-9.576,-28.850
2.511886e+08,-0.201,-0.201,-30.794,-9.576,-28.755
2.570396e+08,-0.202,-0.202,-30.748,-9.576,-28.657
2.630268e+08,-0.202,-0.202,-30.699,-9.576,-28.556
2.691535e+08,-0.203,-0.203,-30.648,-9.576,-28.453
2.754229e+08,-0.204,-0.204,-30.594,-9.576,-28.347
2.818383e+08,-0.204,-0.204,-30.538,-9.576,-28.238
2.884032e+08,-0.205,-0.205,-30.479,-9.576,-28.126
2.951209e+08,-0.206,-0.206,-30.417,-9.576,-28.013
3.019952e+08,-0.206,-0.206,-30.352,-9.576,-27.896
3.090295e+08,-0.207,-0.207,-30.285,-9.576,-27.777
3.162278e+08,-0.208,-0.208,-30.215,-9.576,-27.656
3.235937e+08,-0.209,-0.209,-30.142,-9.577,-27.532
3.311311e+08,-0.210,-0.210,-30.067,-9.577,-27.406
3.388442e+08,-0.211,-0.211,-29.989,-9.577,-27.277
3.467369e+08,-0.212,-0.212,-29.908,-9.577,-27.147
3.548134e+08,-0.212,-0.212,-29.824,-9.577,-27.014
3.630781e+08,-0.214,-0.214,-29.738,-9.577,-26.879
3.715352e+08,-0.215,-0.215,-29.649,-9.577,-26.742
3.801894e+08,-0.216,-0.216,-29.557,-9.577,-26.603
3.890451e+08,-0.217,-0.217,-29.462,-9.577,-26.462
3.981072e+08,-0.218,-0.218,-29.365,-9.578,-26.319
4.073803e+08,-0.220,-0.220,-29.265,-9.578,-26.175
4.168694e+08,-0.221,-0.221,-29.163,-9.578,-26.028
4.265795e+08,-0.222,-0.222,-29.058,-9.578,-25.880
4.365158e+08,-0.224,-0.224,-28.951,-9.578,-25.730
4.466836e+08,-0.226,-0.226,-28.841,-9.578,-25.578
4.570882e+08,-0.227,-0.227,-28.729,-9.579,-25.425
4.677351e+08,-0.229,-0.229,-28.614,-9.579,-25.270
4.786301e+08,-0.231,-0.231,-28.497,-9.579,-25.114
4.897788e+08,-0.233,-0.233,-28.377,-9.579,-24.957
5.011872e+08,-0.235,-0.235,-28.255,-9.579,-24.798
5.128614e+08,-0.237,-0.237,-28.131,-9.580,-24.637
5.248075e+08,-0.239,-0.239,-28.005,-9.580,-24.476
5.370318e+08,-0.241,-0.241,-27.876,-9.580,-24.313
5.495409e+08,-0.244,-0.244,-27.745,-9.580,-24.149
5.623413e+08,-0.246,-0.246,-27.613,-9.581,-23.984
5.754399e+08,-0.249,-0.249,-27.478,-9.581,-23.817
5.888437e+08,-0.252,-0.252,-27.341,-9.581,-23.650
6.025596e+08,-0.255,-0.255,-27.202,-9.582,-23.482
6.165950e+08,-0.258,-0.258,-27.061,-9.582,-23.312
6.309573e+08,-0.261,-0.261,-26.918,-9.582,-23.142
6.456542e+08,-0.264,-0.264,-26.774,-9.583,-22.970
6.606934e+08,-0.267,-0.267,-26.628,-9.583,-22.798
6.760830e+08,-0.271,-0.271,-26.480,-9.583,-22.625
6.918310e+08,-0.275,-0.275,-26.330,-9.584,-22.451
7.079458e+08,-0.279,-0.279,-26.178,-9.584,-22.276
7.244360e+08,-0.283,-0.283,-26.025,-9.585,-22.100
7.413102e+08,-0.287,-0.287,-25.870,-9.585,-21.924
7.585776e+08,-0.292,-0.292,-25.714,-9.586,-21.747
7.762471e+08,-0.297,-0.297,-25.555,-9.586,-21.569
7.943282e+08,-0.302,-0.302,-25.396,-9.587,-21.390
8.128305e+08,-0.307,-0.307,-25.235,-9.587,-21.211
8.317638e+08,-0.312,-0.312,-25.072,-9.588,-21.031
8.511380e+08,-0.318,-0.318,-24.908,-9.588,-20.850
8.709636e+08,-0.324,-0.324,-24.742,-9.589,-20.669
8.912509e+08,-0.330,-0.330,-24.575,-9.590,-20.487
9.120108e+08,-0.337,-0.337,-24.365,-9.591,-20.281
9.332543e+08,-0.344,-0.344,-24.123,-9.591,-20.059
9.549926e+08,-0.351,-0.351,-23.881,-9.592,-19.837
9.772372e+08,-0.358,-0.358,-23.638,-9.593,-19.615
1.000000e+09,-0.366,-0.366,-23.394,-9.594,-19.392
1.023293e+09,-0.374,-0.374,-23.150,-9.595,-19.168
1.047129e+09,-0.383,-0.383,-22.904,-9.596,-18.945
1.071519e+09,-0.392,-0.392,-22.658,-9.597,-18.721
1.096478e+09,-0.401,-0.401,-22.411,-9.598,-18.496
1.122018e+09,-0.411,-0.411,-22.163,-9.599,-18.272
1.148154e+09,-0.422,-0.422,-21.913,-9.600,-18.046
1.174898e+09,-0.432,-0.432,-21.663,-9.601,-17.820
1.202264e+09,-0.444,-0.444,-21.411,-9.602,-17.594
1.230269e+09,-0.455,-0.455,-21.157,-9.603,-17.367
1.258925e+09,-0.468,-0.468,-20.902,-9.605,-17.139
1.288250e+09,-0.481,-0.481,-20.646,-9.606,-16.911
1.318257e+09,-0.494,-0.494,-20.388,-9.608,-16.682
1.348963e+09,-0.508,-0.508,-20.128,-9.609,-16.453
1.380384e+09,-0.523,-0.523,-19.867,-9.611,-16.223
1.412538e+09,-0.538,-0.538,-19.604,-9.612,-15.991
1.445440e+09,-0.555,-0.555,-19.338,-9.614,-15.759
1.479108e+09,-0.571,-0.571,-19.070,-9.616,-15.527
1.513561e+09,-0.589,-0.589,-18.801,-9.618,-15.293
1.548817e+09,-0.607,-0.607,-18.528,-9.620,-15.058
1.584893e+09,-0.627,-0.627,-18.253,-9.622,-14.822
1.621810e+09,-0.647,-0.647,-17.976,-9.624,-14.586
1.659587e+09,-0.668,-0.668,-17.696,-9.626,-14.348
1.698244e+09,-0.690,-0.690,-17.412,-9.629,-14.108
1.737801e+09,-0.713,-0.713,-17.126,-9.631,-13.868
1.778279e+09,-0.737,-0.737,-16.836,-9.634,-13.626
1.819701e+09,-0.762,-0.762,-16.543,-9.636,-13.383
1.862087e+09,-0.789,-0.789,-16.246,-9.639,-13.138
1.905461e+09,-0.816,-0.816,-15.945,-9.642,-12.892
1.949845e+09,-0.845,-0.845,-15.639,-9.645,-12.647
1.995262e+09,-0.875,-0.875,-15.329,-9.648,-12.400
2.041738e+09,-0.907,-0.907,-15.015,-9.652,-12.151
2.089296e+09,-0.939,-0.939,-14.697,-9.655,-11.901
2.137962e+09,-0.974,-0.974,-14.374,-9.659,-11.649
2.187762e+09,-1.010,-1.010,-14.047,-9.662,-11.395
2.238721e+09,-1.047,-1.047,-13.792,-9.666,-11.196
2.290868e+09,-1.086,-1.086,-13.559,-9.670,-11.013
2.344229e+09,-1.127,-1.127,-13.325,-9.674,-10.831
2.398833e+09,-1.170,-1.170,-13.088,-9.679,-10.648
2.454709e+09,-1.215,-1.215,-12.849,-9.683,-10.464
2.511886e+09,-1.261,-1.261,-12.608,-9.688,-10.280
2.570396e+09,-1.310,-1.310,-12.365,-9.693,-10.096
2.630268e+09,-1.361,-1.361,-12.121,-9.698,-9.912
2.691535e+09,-1.414,-1.414,-11.876,-9.703,-9.728
2.754229e+09,-1.470,-1.470,-11.630,-9.709,-9.544
2.818383e+09,-1.528,-1.528,-11.382,-9.715,-9.360
2.884032e+09,-1.589,-1.589,-11.134,-9.721,-9.176
2.951209e+09,-1.652,-1.652,-10.886,-9.727,-8.992
3.019952e+09,-1.718,-1.718,-10.637,-9.733,-8.809
3.090295e+09,-1.787,-1.787,-10.389,-9.740,-8.626
3.162278e+09,-1.859,-1.859,-10.143,-9.747,-8.445
3.235937e+09,-1.934,-1.934,-9.897,-9.754,-8.264
3.311311e+09,-2.013,-2.013,-9.654,-9.762,-8.085
3.388442e+09,-2.095,-2.095,-9.413,-9.769,-7.907
3.467369e+09,-2.181,-2.181,-9.176,-9.778,-7.730
3.548134e+09,-2.270,-2.270,-8.944,-9.786,-7.556
3.630781e+09,-2.363,-2.363,-8.847,-9.794,-7.473
3.715352e+09,-2.461,-2.461,-8.980,-9.803,-7.545
3.801894e+09,-2.562,-2.562,-9.121,-9.813,-7.626
3.890451e+09,-2.668,-2.668,-9.270,-9.822,-7.715
3.981072e+09,-2.779,-2.779,-9.427,-9.832,-7.814
4.073803e+09,-2.895,-2.895,-9.591,-9.842,-7.921
4.168694e+09,-3.015,-3.015,-9.763,-9.853,-8.038
4.265795e+09,-3.141,-3.141,-9.941,-9.864,-8.164
4.365158e+09,-3.272,-3.272,-10.125,-9.875,-8.300
4.466836e+09,-3.409,-3.409,-10.315,-9.886,-8.445
4.570882e+09,-3.552,-3.552,-10.509,-9.898,-8.600
4.677351e+09,-3.700,-3.700,-10.708,-9.911,-8.765
4.786301e+09,-3.856,-3.856,-10.911,-9.924,-8.939
4.897788e+09,-4.017,-4.017,-11.118,-9.937,-9.123
5.011872e+09,-4.186,-4.186,-11.327,-9.950,-9.316
5.128614e+09,-4.362,-4.362,-11.538,-9.964,-9.517
5.248075e+09,-4.545,-4.545,-11.751,-9.979,-9.726
5.370318e+09,-4.736,-4.736,-11.965,-9.993,-9.942
5.495409e+09,-4.934,-4.934,-12.180,-10.009,-10.164
5.623413e+09,-5.141,-5.141,-12.395,-10.024,-10.391
5.754399e+09,-5.356,-5.356,-12.610,-10.040,-10.622
5.888437e+09,-5.579,-5.579,-12.000,-10.057,-10.472
6.025596e+09,-5.812,-5.812,-11.377,-10.074,-10.363
6.165950e+09,-6.053,-6.053,-11.112,-10.091,-10.507
6.309573e+09,-6.303,-6.303,-11.076,-10.109,-10.855
6.456542e+09,-6.563,-6.563,-11.179,-10.127,-11.367
6.606934e+09,-6.832,-6.832,-11.366,-10.146,-12.012
6.760830e+09,-7.110,-7.110,-11.602,-10.165,-12.769
6.918310e+09,-7.397,-7.397,-11.870,-10.185,-13.630
7.079458e+09,-7.692,-7.693,-12.156,-10.205,-14.592
7.244360e+09,-7.996,-7.996,-12.454,-10.225,-15.664
7.413102e+09,-8.307,-8.308,-12.762,-10.246,-16.856
7.585776e+09,-8.624,-8.625,-13.076,-10.268,-18.181
7.762471e+09,-8.945,-8.946,-13.397,-10.289,-19.640
7.943282e+09,-9.269,-9.270,-13.723,-10.311,-21.194
8.128305e+09,-9.591,-9.594,-13.998,-10.334,-22.264
8.317638e+09,-9.910,-9.914,-14.255,-10.356,-22.815
8.511380e+09,-10.220,-10.227,-14.519,-10.379,-22.801
8.709636e+09,-10.516,-10.525,-14.790,-10.402,-22.155
8.912509e+09,-10.792,-10.798,-15.065,-10.425,-21.041
9.120108e+09,-11.038,-11.034,-15.342,-10.449,-19.694
9.332543e+09,-11.245,-11.234,-15.616,-10.472,-18.285
9.549926e+09,-11.399,-11.386,-15.883,-10.495,-16.902
9.772372e+09,-11.487,-11.474,-16.132,-10.518,-15.579
1.000000e+10,-11.495,-11.483,-16.352,-10.540,-14.324
