freq_Hz,"A0r AD8317 INHI bare"_dB,"A0t AD8317 + 52.3 ohm"_dB,"E0r ADL5507 bare (Table 5)"_dB,"E0s ADL5507 + 51 ohm (Table 4)"_dB,"E0i ADL5507 bare + ideal 51 ohm"_dB,"C  AD8317 on coplanar, B.Cu 1.44 mm (as built)"_dB,"E1 ADL5507 drop-in (R1,R2,C1) on coplanar, B.Cu 1.44 mm (as built)"_dB,"E2 ADL5507 + 51 ohm at pin on coplanar, B.Cu 1.44 mm (as built)"_dB,"E3 ADL5507 Table 4 chip on coplanar, B.Cu 1.44 mm (as built)"_dB,"C  AD8317 on microstrip, B.Cu 1.44 mm"_dB,"E1 ADL5507 drop-in (R1,R2,C1) on microstrip, B.Cu 1.44 mm"_dB,"E2 ADL5507 + 51 ohm at pin on microstrip, B.Cu 1.44 mm"_dB,"E3 ADL5507 Table 4 chip on microstrip, B.Cu 1.44 mm"_dB,"C  AD8317 on coplanar, In1 0.1 mm (what if)"_dB,"E1 ADL5507 drop-in (R1,R2,C1) on coplanar, In1 0.1 mm (what if)"_dB,"E2 ADL5507 + 51 ohm at pin on coplanar, In1 0.1 mm (what if)"_dB,"E3 ADL5507 Table 4 chip on coplanar, In1 0.1 mm (what if)"_dB,"C  AD8317 on microstrip, In1 0.1 mm (what if)"_dB,"E1 ADL5507 drop-in (R1,R2,C1) on microstrip, In1 0.1 mm (what if)"_dB,"E2 ADL5507 + 51 ohm at pin on microstrip, In1 0.1 mm (what if)"_dB,"E3 ADL5507 Table 4 chip on microstrip, In1 0.1 mm (what if)"_dB
1.000000e+06,-1.743,-31.293,-0.032,-37.639,-39.909,-26.446,-46.547,-39.937,-37.647,-26.448,-46.639,-39.974,-37.664,-26.443,-46.339,-39.897,-37.631,-26.435,-46.294,-39.912,-37.646
1.023293e+06,-1.739,-31.327,-0.033,-37.645,-39.901,-26.465,-46.355,-39.931,-37.654,-26.466,-46.447,-39.970,-37.671,-26.462,-46.147,-39.888,-37.636,-26.454,-46.102,-39.903,-37.651
1.047129e+06,-1.735,-31.362,-0.035,-37.651,-39.893,-26.484,-46.163,-39.925,-37.661,-26.485,-46.255,-39.966,-37.679,-26.480,-45.955,-39.879,-37.642,-26.472,-45.910,-39.894,-37.656
1.071519e+06,-1.731,-31.396,-0.036,-37.657,-39.884,-26.502,-45.972,-39.918,-37.668,-26.504,-46.064,-39.962,-37.687,-26.499,-45.764,-39.870,-37.647,-26.491,-45.718,-39.884,-37.662
1.096478e+06,-1.727,-31.430,-0.038,-37.663,-39.875,-26.521,-45.781,-39.911,-37.675,-26.523,-45.873,-39.957,-37.696,-26.518,-45.573,-39.860,-37.653,-26.509,-45.527,-39.874,-37.667
1.122018e+06,-1.723,-31.465,-0.040,-37.669,-39.866,-26.540,-45.591,-39.904,-37.682,-26.541,-45.683,-39.952,-37.705,-26.537,-45.383,-39.850,-37.659,-26.528,-45.337,-39.864,-37.673
1.148154e+06,-1.719,-31.500,-0.042,-37.676,-39.856,-26.559,-45.401,-39.897,-37.690,-26.560,-45.493,-39.947,-37.714,-26.555,-45.193,-39.840,-37.664,-26.547,-45.147,-39.853,-37.679
1.174898e+06,-1.715,-31.535,-0.043,-37.683,-39.846,-26.578,-45.212,-39.889,-37.698,-26.579,-45.304,-39.942,-37.723,-26.574,-45.003,-39.829,-37.671,-26.565,-44.957,-39.842,-37.685
1.202264e+06,-1.711,-31.570,-0.045,-37.690,-39.836,-26.597,-45.023,-39.881,-37.706,-26.598,-45.115,-39.937,-37.733,-26.593,-44.814,-39.818,-37.677,-26.584,-44.768,-39.830,-37.691
1.230269e+06,-1.707,-31.605,-0.047,-37.697,-39.825,-26.616,-44.834,-39.873,-37.715,-26.617,-44.926,-39.931,-37.743,-26.612,-44.626,-39.806,-37.683,-26.603,-44.579,-39.818,-37.698
1.258925e+06,-1.703,-31.641,-0.049,-37.705,-39.814,-26.635,-44.646,-39.864,-37.723,-26.636,-44.738,-39.925,-37.754,-26.631,-44.438,-39.794,-37.690,-26.622,-44.391,-39.806,-37.704
1.288250e+06,-1.699,-31.676,-0.052,-37.713,-39.802,-26.654,-44.459,-39.855,-37.733,-26.655,-44.551,-39.919,-37.765,-26.650,-44.250,-39.781,-37.697,-26.641,-44.203,-39.793,-37.711
1.318257e+06,-1.695,-31.712,-0.054,-37.721,-39.790,-26.673,-44.272,-39.846,-37.742,-26.675,-44.364,-39.913,-37.776,-26.669,-44.063,-39.768,-37.704,-26.660,-44.016,-39.779,-37.718
1.348963e+06,-1.692,-31.748,-0.056,-37.729,-39.778,-26.692,-44.086,-39.836,-37.752,-26.694,-44.178,-39.907,-37.788,-26.689,-43.877,-39.755,-37.711,-26.679,-43.829,-39.765,-37.725
1.380384e+06,-1.688,-31.784,-0.059,-37.737,-39.765,-26.712,-43.900,-39.826,-37.762,-26.713,-43.992,-39.900,-37.800,-26.708,-43.691,-39.741,-37.719,-26.698,-43.643,-39.750,-37.732
1.412538e+06,-1.684,-31.820,-0.061,-37.746,-39.751,-26.731,-43.715,-39.816,-37.772,-26.732,-43.807,-39.893,-37.813,-26.727,-43.506,-39.726,-37.727,-26.717,-43.458,-39.735,-37.740
1.445440e+06,-1.680,-31.856,-0.064,-37.755,-39.737,-26.750,-43.530,-39.805,-37.783,-26.752,-43.623,-39.886,-37.826,-26.746,-43.321,-39.711,-37.734,-26.736,-43.273,-39.719,-37.747
1.479108e+06,-1.676,-31.893,-0.067,-37.764,-39.723,-26.770,-43.347,-39.794,-37.794,-26.771,-43.439,-39.879,-37.840,-26.766,-43.137,-39.695,-37.743,-26.755,-43.089,-39.703,-37.755
1.513561e+06,-1.672,-31.930,-0.070,-37.774,-39.708,-26.789,-43.164,-39.783,-37.806,-26.791,-43.256,-39.871,-37.854,-26.785,-42.954,-39.679,-37.751,-26.775,-42.906,-39.686,-37.763
1.548817e+06,-1.668,-31.967,-0.073,-37.784,-39.692,-26.809,-42.981,-39.771,-37.818,-26.810,-43.074,-39.863,-37.869,-26.804,-42.772,-39.662,-37.760,-26.794,-42.723,-39.669,-37.772
1.584893e+06,-1.664,-32.004,-0.076,-37.794,-39.676,-26.828,-42.800,-39.758,-37.830,-26.830,-42.892,-39.855,-37.884,-26.824,-42.590,-39.645,-37.769,-26.813,-42.541,-39.650,-37.780
1.621810e+06,-1.660,-32.041,-0.079,-37.805,-39.660,-26.848,-42.619,-39.745,-37.843,-26.849,-42.711,-39.846,-37.899,-26.843,-42.409,-39.627,-37.778,-26.833,-42.360,-39.632,-37.789
1.659587e+06,-1.656,-32.078,-0.082,-37.815,-39.642,-26.867,-42.439,-39.732,-37.856,-26.869,-42.532,-39.838,-37.916,-26.863,-42.229,-39.608,-37.787,-26.852,-42.180,-39.612,-37.798
1.698244e+06,-1.652,-32.116,-0.086,-37.827,-39.625,-26.887,-42.260,-39.719,-37.870,-26.889,-42.352,-39.829,-37.933,-26.883,-42.050,-39.589,-37.797,-26.871,-42.000,-39.592,-37.807
1.737801e+06,-1.648,-32.153,-0.090,-37.838,-39.606,-26.907,-42.082,-39.704,-37.884,-26.909,-42.174,-39.819,-37.950,-26.902,-41.872,-39.569,-37.807,-26.891,-41.822,-39.571,-37.817
1.778279e+06,-1.644,-32.191,-0.093,-37.850,-39.588,-26.927,-41.904,-39.690,-37.898,-26.928,-41.997,-39.809,-37.968,-26.922,-41.694,-39.548,-37.817,-26.910,-41.644,-39.550,-37.827
1.819701e+06,-1.640,-32.229,-0.097,-37.862,-39.568,-26.946,-41.728,-39.675,-37.913,-26.948,-41.821,-39.799,-37.987,-26.942,-41.518,-39.527,-37.827,-26.930,-41.467,-39.528,-37.836
1.862087e+06,-1.636,-32.267,-0.101,-37.875,-39.548,-26.966,-41.552,-39.659,-37.929,-26.968,-41.645,-39.789,-38.006,-26.962,-41.342,-39.505,-37.838,-26.950,-41.291,-39.505,-37.847
1.905461e+06,-1.632,-32.306,-0.105,-37.887,-39.527,-26.986,-41.378,-39.643,-37.945,-26.988,-41.471,-39.779,-38.026,-26.981,-41.168,-39.483,-37.849,-26.969,-41.117,-39.482,-37.857
1.949845e+06,-1.628,-32.344,-0.110,-37.901,-39.506,-27.006,-41.205,-39.627,-37.961,-27.008,-41.297,-39.768,-38.046,-27.001,-40.994,-39.460,-37.861,-26.989,-40.943,-39.458,-37.868
1.995262e+06,-1.624,-32.383,-0.114,-37.914,-39.484,-27.026,-41.032,-39.610,-37.978,-27.028,-41.125,-39.756,-38.068,-27.021,-40.822,-39.436,-37.872,-27.009,-40.770,-39.433,-37.879
2.041738e+06,-1.620,-32.422,-0.119,-37.928,-39.461,-27.046,-40.861,-39.592,-37.995,-27.048,-40.954,-39.745,-38.090,-27.041,-40.650,-39.412,-37.884,-27.029,-40.599,-39.407,-37.890
2.089296e+06,-1.616,-32.461,-0.124,-37.943,-39.438,-27.067,-40.691,-39.574,-38.013,-27.069,-40.784,-39.733,-38.112,-27.061,-40.480,-39.387,-37.896,-27.049,-40.428,-39.381,-37.901
2.137962e+06,-1.612,-32.500,-0.128,-37.957,-39.415,-27.087,-40.522,-39.556,-38.032,-27.089,-40.615,-39.720,-38.136,-27.082,-40.311,-39.361,-37.909,-27.069,-40.259,-39.354,-37.913
2.187762e+06,-1.608,-32.540,-0.134,-37.972,-39.390,-27.107,-40.355,-39.537,-38.051,-27.109,-40.448,-39.708,-38.160,-27.102,-40.144,-39.335,-37.921,-27.089,-40.091,-39.327,-37.925
2.238721e+06,-1.605,-32.579,-0.139,-37.988,-39.365,-27.127,-40.188,-39.518,-38.070,-27.129,-40.281,-39.695,-38.185,-27.122,-39.977,-39.308,-37.935,-27.109,-39.924,-39.298,-37.937
2.290868e+06,-1.601,-32.619,-0.144,-38.004,-39.339,-27.148,-40.023,-39.498,-38.091,-27.150,-40.116,-39.681,-38.211,-27.142,-39.812,-39.280,-37.948,-27.129,-39.759,-39.269,-37.950
2.344229e+06,-1.597,-32.659,-0.150,-38.020,-39.313,-27.168,-39.860,-39.477,-38.111,-27.170,-39.953,-39.668,-38.237,-27.162,-39.648,-39.252,-37.962,-27.149,-39.595,-39.240,-37.963
2.398833e+06,-1.593,-32.699,-0.156,-38.037,-39.286,-27.188,-39.697,-39.456,-38.132,-27.191,-39.791,-39.654,-38.264,-27.183,-39.486,-39.223,-37.976,-27.169,-39.432,-39.209,-37.976
2.454709e+06,-1.589,-32.740,-0.161,-38.054,-39.259,-27.209,-39.537,-39.435,-38.154,-27.211,-39.630,-39.639,-38.293,-27.203,-39.325,-39.193,-37.990,-27.189,-39.271,-39.178,-37.989
2.511886e+06,-1.585,-32.781,-0.168,-38.071,-39.231,-27.230,-39.377,-39.413,-38.177,-27.232,-39.471,-39.624,-38.322,-27.224,-39.165,-39.163,-38.004,-27.209,-39.111,-39.146,-38.002
2.570396e+06,-1.581,-32.821,-0.174,-38.089,-39.202,-27.250,-39.219,-39.391,-38.200,-27.252,-39.313,-39.609,-38.351,-27.244,-39.007,-39.132,-38.019,-27.230,-38.953,-39.114,-38.016
2.630268e+06,-1.577,-32.862,-0.180,-38.107,-39.173,-27.271,-39.063,-39.368,-38.223,-27.273,-39.156,-39.594,-38.382,-27.265,-38.851,-39.100,-38.034,-27.250,-38.796,-39.081,-38.030
2.691535e+06,-1.573,-32.904,-0.187,-38.126,-39.143,-27.292,-38.908,-39.345,-38.248,-27.294,-39.002,-39.578,-38.414,-27.285,-38.696,-39.068,-38.050,-27.270,-38.641,-39.047,-38.044
2.754229e+06,-1.569,-32.945,-0.194,-38.145,-39.113,-27.312,-38.755,-39.321,-38.272,-27.315,-38.849,-39.562,-38.446,-27.306,-38.543,-39.036,-38.066,-27.291,-38.487,-39.013,-38.058
2.818383e+06,-1.565,-32.987,-0.201,-38.165,-39.082,-27.333,-38.604,-39.297,-38.298,-27.336,-38.697,-39.546,-38.479,-27.327,-38.391,-39.002,-38.082,-27.311,-38.335,-38.978,-38.073
2.884032e+06,-1.561,-33.029,-0.208,-38.184,-39.051,-27.354,-38.454,-39.272,-38.324,-27.357,-38.548,-39.529,-38.514,-27.348,-38.241,-38.969,-38.098,-27.332,-38.185,-38.943,-38.088
2.951209e+06,-1.557,-33.071,-0.215,-38.205,-39.019,-27.375,-38.306,-39.247,-38.350,-27.378,-38.400,-39.512,-38.549,-27.368,-38.093,-38.935,-38.114,-27.353,-38.037,-38.907,-38.103
3.019952e+06,-1.553,-33.113,-0.222,-38.225,-38.987,-27.396,-38.160,-39.222,-38.377,-27.399,-38.254,-39.495,-38.585,-27.389,-37.947,-38.900,-38.131,-27.373,-37.890,-38.871,-38.118
3.090295e+06,-1.549,-33.155,-0.230,-38.246,-38.954,-27.417,-38.016,-39.196,-38.405,-27.420,-38.109,-39.477,-38.621,-27.410,-37.803,-38.865,-38.148,-27.394,-37.745,-38.834,-38.133
3.162278e+06,-1.545,-33.198,-0.238,-38.267,-38.921,-27.438,-37.873,-39.170,-38.433,-27.441,-37.967,-39.459,-38.659,-27.431,-37.660,-38.829,-38.165,-27.415,-37.603,-38.796,-38.149
3.235937e+06,-1.541,-33.241,-0.246,-38.289,-38.887,-27.459,-37.733,-39.144,-38.462,-27.462,-37.827,-39.441,-38.698,-27.452,-37.519,-38.793,-38.183,-27.435,-37.461,-38.759,-38.165
3.311311e+06,-1.537,-33.284,-0.254,-38.311,-38.854,-27.480,-37.594,-39.117,-38.491,-27.483,-37.688,-39.423,-38.737,-27.473,-37.381,-38.757,-38.200,-27.456,-37.322,-38.721,-38.181
3.388442e+06,-1.533,-33.327,-0.262,-38.333,-38.820,-27.502,-37.458,-39.090,-38.521,-27.505,-37.551,-39.404,-38.777,-27.494,-37.244,-38.720,-38.218,-27.477,-37.185,-38.682,-38.197
3.467369e+06,-1.529,-33.371,-0.270,-38.355,-38.785,-27.523,-37.323,-39.063,-38.552,-27.526,-37.417,-39.385,-38.818,-27.516,-37.109,-38.683,-38.236,-27.498,-37.050,-38.643,-38.213
3.548134e+06,-1.525,-33.415,-0.279,-38.378,-38.750,-27.544,-37.190,-39.035,-38.583,-27.547,-37.284,-39.366,-38.860,-27.537,-36.976,-38.646,-38.255,-27.519,-36.917,-38.604,-38.229
3.630781e+06,-1.522,-33.459,-0.288,-38.401,-38.715,-27.566,-37.060,-39.007,-38.614,-27.569,-37.154,-39.347,-38.903,-27.558,-36.846,-38.609,-38.273,-27.540,-36.786,-38.565,-38.245
3.715352e+06,-1.518,-33.503,-0.296,-38.425,-38.680,-27.587,-36.932,-38.979,-38.646,-27.590,-37.026,-39.328,-38.946,-27.579,-36.717,-38.571,-38.291,-27.561,-36.657,-38.526,-38.262
3.801894e+06,-1.514,-33.548,-0.305,-38.448,-38.645,-27.609,-36.805,-38.951,-38.678,-27.612,-36.899,-39.308,-38.991,-27.601,-36.591,-38.534,-38.310,-27.582,-36.530,-38.486,-38.278
3.890451e+06,-1.510,-33.592,-0.314,-38.472,-38.610,-27.631,-36.681,-38.923,-38.711,-27.634,-36.775,-39.288,-39.036,-27.622,-36.466,-38.496,-38.329,-27.603,-36.405,-38.446,-38.295
3.981072e+06,-1.506,-33.637,-0.323,-38.496,-38.574,-27.652,-36.559,-38.895,-38.744,-27.655,-36.653,-39.268,-39.081,-27.644,-36.344,-38.458,-38.348,-27.625,-36.283,-38.406,-38.311
4.073803e+06,-1.502,-33.683,-0.333,-38.520,-38.539,-27.674,-36.440,-38.866,-38.777,-27.677,-36.534,-39.248,-39.128,-27.665,-36.224,-38.420,-38.366,-27.646,-36.163,-38.367,-38.328
4.168694e+06,-1.498,-33.728,-0.342,-38.544,-38.503,-27.696,-36.322,-38.838,-38.811,-27.699,-36.416,-39.228,-39.175,-27.687,-36.106,-38.382,-38.385,-27.667,-36.044,-38.327,-38.344
4.265795e+06,-1.494,-33.774,-0.351,-38.568,-38.468,-27.718,-36.207,-38.809,-38.845,-27.721,-36.301,-39.208,-39.222,-27.709,-35.991,-38.344,-38.404,-27.689,-35.929,-38.287,-38.360
4.365158e+06,-1.490,-33.820,-0.361,-38.593,-38.432,-27.739,-36.094,-38.781,-38.879,-27.743,-36.188,-39.188,-39.270,-27.730,-35.878,-38.306,-38.423,-27.710,-35.815,-38.247,-38.377
4.466836e+06,-1.486,-33.866,-0.370,-38.617,-38.397,-27.761,-35.983,-38.753,-38.914,-27.765,-36.078,-39.167,-39.319,-27.752,-35.767,-38.268,-38.442,-27.731,-35.704,-38.207,-38.393
4.570882e+06,-1.482,-33.912,-0.380,-38.641,-38.362,-27.783,-35.875,-38.724,-38.949,-27.787,-35.969,-39.147,-39.368,-27.774,-35.658,-38.231,-38.461,-27.753,-35.594,-38.168,-38.409
4.677351e+06,-1.478,-33.959,-0.389,-38.666,-38.327,-27.806,-35.769,-38.696,-38.984,-27.809,-35.863,-39.127,-39.418,-27.796,-35.552,-38.193,-38.480,-27.775,-35.488,-38.129,-38.425
4.786301e+06,-1.474,-34.006,-0.399,-38.690,-38.292,-27.828,-35.665,-38.668,-39.019,-27.831,-35.759,-39.106,-39.468,-27.818,-35.448,-38.156,-38.498,-27.796,-35.383,-38.090,-38.441
4.897788e+06,-1.470,-34.053,-0.409,-38.715,-38.257,-27.850,-35.563,-38.640,-39.054,-27.854,-35.658,-39.086,-39.518,-27.840,-35.346,-38.119,-38.517,-27.818,-35.281,-38.051,-38.457
5.011872e+06,-1.466,-34.101,-0.418,-38.739,-38.223,-27.872,-35.464,-38.612,-39.089,-27.876,-35.558,-39.066,-39.568,-27.862,-35.246,-38.083,-38.535,-27.840,-35.181,-38.012,-38.473
5.128614e+06,-1.462,-34.149,-0.428,-38.763,-38.189,-27.894,-35.367,-38.584,-39.124,-27.898,-35.462,-39.045,-39.619,-27.884,-35.149,-38.047,-38.554,-27.861,-35.083,-37.974,-38.488
5.248075e+06,-1.458,-34.197,-0.438,-38.787,-38.155,-27.917,-35.272,-38.557,-39.159,-27.921,-35.367,-39.025,-39.670,-27.906,-35.054,-38.011,-38.572,-27.883,-34.988,-37.936,-38.503
5.370318e+06,-1.454,-34.245,-0.447,-38.811,-38.122,-27.939,-35.180,-38.530,-39.195,-27.943,-35.275,-39.005,-39.721,-27.928,-34.961,-37.975,-38.590,-27.905,-34.895,-37.899,-38.518
5.495409e+06,-1.450,-34.294,-0.457,-38.835,-38.089,-27.962,-35.090,-38.503,-39.230,-27.966,-35.185,-38.985,-39.772,-27.950,-34.871,-37.940,-38.607,-27.927,-34.804,-37.862,-38.533
5.623413e+06,-1.446,-34.342,-0.466,-38.859,-38.056,-27.984,-35.002,-38.476,-39.264,-27.989,-35.097,-38.965,-39.823,-27.973,-34.783,-37.906,-38.625,-27.949,-34.715,-37.826,-38.547
5.754399e+06,-1.443,-34.392,-0.476,-38.882,-38.024,-28.007,-34.916,-38.450,-39.299,-28.011,-35.011,-38.945,-39.873,-27.995,-34.697,-37.871,-38.642,-27.971,-34.629,-37.790,-38.562
5.888437e+06,-1.439,-34.441,-0.485,-38.905,-37.993,-28.030,-34.833,-38.424,-39.333,-28.034,-34.928,-38.926,-39.924,-28.017,-34.613,-37.838,-38.659,-27.993,-34.545,-37.754,-38.575
6.025596e+06,-1.435,-34.491,-0.495,-38.928,-37.962,-28.052,-34.752,-38.399,-39.368,-28.057,-34.847,-38.906,-39.974,-28.040,-34.532,-37.805,-38.676,-28.015,-34.463,-37.719,-38.589
6.165950e+06,-1.431,-34.541,-0.504,-38.950,-37.931,-28.075,-34.673,-38.373,-39.401,-28.080,-34.768,-38.887,-40.024,-28.062,-34.453,-37.772,-38.692,-28.037,-34.383,-37.685,-38.602
6.309573e+06,-1.427,-34.591,-0.513,-38.972,-37.901,-28.098,-34.597,-38.349,-39.435,-28.103,-34.692,-38.868,-40.073,-28.085,-34.376,-37.740,-38.708,-28.059,-34.306,-37.651,-38.615
6.456542e+06,-1.423,-34.642,-0.523,-38.994,-37.871,-28.121,-34.522,-38.324,-39.468,-28.126,-34.617,-38.849,-40.122,-28.108,-34.301,-37.709,-38.724,-28.081,-34.230,-37.618,-38.628
6.606934e+06,-1.419,-34.692,-0.532,-39.015,-37.842,-28.144,-34.450,-38.300,-39.501,-28.149,-34.545,-38.830,-40.171,-28.130,-34.228,-37.678,-38.739,-28.104,-34.157,-37.586,-38.640
6.760830e+06,-1.415,-34.744,-0.541,-39.036,-37.814,-28.167,-34.379,-38.277,-39.533,-28.172,-34.475,-38.811,-40.218,-28.153,-34.158,-37.648,-38.754,-28.126,-34.086,-37.554,-38.652
6.918310e+06,-1.411,-34.795,-0.549,-39.056,-37.786,-28.190,-34.311,-38.254,-39.564,-28.195,-34.406,-38.793,-40.265,-28.176,-34.089,-37.618,-38.769,-28.148,-34.017,-37.522,-38.663
7.079458e+06,-1.407,-34.847,-0.558,-39.076,-37.759,-28.214,-34.245,-38.231,-39.595,-28.219,-34.340,-38.774,-40.312,-28.199,-34.023,-37.589,-38.783,-28.171,-33.950,-37.492,-38.674
7.244360e+06,-1.403,-34.899,-0.567,-39.096,-37.732,-28.237,-34.181,-38.209,-39.626,-28.242,-34.276,-38.756,-40.357,-28.222,-33.958,-37.561,-38.797,-28.193,-33.884,-37.462,-38.685
7.413102e+06,-1.399,-34.951,-0.575,-39.115,-37.706,-28.260,-34.119,-38.187,-39.656,-28.265,-34.214,-38.738,-40.401,-28.244,-33.895,-37.533,-38.810,-28.216,-33.821,-37.432,-38.695
7.585776e+06,-1.395,-35.004,-0.583,-39.134,-37.680,-28.284,-34.059,-38.166,-39.685,-28.289,-34.154,-38.720,-40.445,-28.267,-33.835,-37.506,-38.823,-28.238,-33.760,-37.404,-38.705
7.762471e+06,-1.391,-35.057,-0.592,-39.152,-37.656,-28.307,-34.001,-38.145,-39.714,-28.312,-34.096,-38.703,-40.487,-28.290,-33.776,-37.480,-38.836,-28.261,-33.701,-37.376,-38.714
7.943282e+06,-1.387,-35.110,-0.600,-39.170,-37.631,-28.331,-33.944,-38.125,-39.742,-28.336,-34.040,-38.685,-40.528,-28.314,-33.719,-37.454,-38.848,-28.283,-33.643,-37.349,-38.723
8.128305e+06,-1.383,-35.164,-0.607,-39.187,-37.608,-28.354,-33.890,-38.105,-39.769,-28.360,-33.985,-38.668,-40.568,-28.337,-33.664,-37.429,-38.859,-28.306,-33.588,-37.322,-38.732
8.317638e+06,-1.379,-35.218,-0.615,-39.204,-37.585,-28.378,-33.837,-38.086,-39.796,-28.384,-33.932,-38.651,-40.607,-28.360,-33.611,-37.405,-38.871,-28.329,-33.534,-37.296,-38.740
8.511380e+06,-1.375,-35.273,-0.623,-39.220,-37.563,-28.402,-33.786,-38.067,-39.821,-28.407,-33.881,-38.634,-40.645,-28.383,-33.560,-37.381,-38.882,-28.351,-33.482,-37.271,-38.748
8.709636e+06,-1.372,-35.327,-0.630,-39.235,-37.541,-28.425,-33.737,-38.048,-39.846,-28.431,-33.832,-38.617,-40.681,-28.406,-33.510,-37.358,-38.892,-28.374,-33.432,-37.246,-38.755
8.912509e+06,-1.368,-35.382,-0.637,-39.250,-37.520,-28.449,-33.689,-38.030,-39.871,-28.455,-33.785,-38.600,-40.715,-28.430,-33.462,-37.335,-38.902,-28.397,-33.383,-37.222,-38.762
9.120108e+06,-1.364,-35.438,-0.644,-39.265,-37.499,-28.473,-33.643,-38.013,-39.894,-28.479,-33.739,-38.583,-40.748,-28.453,-33.415,-37.314,-38.912,-28.420,-33.336,-37.199,-38.769
9.332543e+06,-1.360,-35.493,-0.651,-39.279,-37.479,-28.497,-33.599,-37.996,-39.917,-28.504,-33.695,-38.567,-40.780,-28.476,-33.371,-37.292,-38.921,-28.443,-33.290,-37.176,-38.775
9.549926e+06,-1.356,-35.549,-0.658,-39.293,-37.460,-28.521,-33.556,-37.979,-39.938,-28.528,-33.652,-38.550,-40.810,-28.500,-33.327,-37.272,-38.930,-28.465,-33.246,-37.154,-38.780
9.772372e+06,-1.352,-35.606,-0.664,-39.306,-37.441,-28.545,-33.515,-37.963,-39.959,-28.552,-33.611,-38.534,-40.838,-28.523,-33.285,-37.252,-38.938,-28.488,-33.204,-37.133,-38.786
1.000000e+07,-1.348,-35.662,-0.671,-39.318,-37.423,-28.569,-33.476,-37.947,-39.980,-28.576,-33.571,-38.517,-40.864,-28.547,-33.245,-37.233,-38.946,-28.511,-33.163,-37.112,-38.791
1.023293e+07,-1.344,-35.720,-0.672,-39.316,-37.412,-28.594,-33.463,-37.945,-39.990,-28.601,-33.560,-38.524,-40.892,-28.570,-33.228,-37.218,-38.936,-28.534,-33.144,-37.095,-38.778
1.047129e+07,-1.340,-35.777,-0.674,-39.313,-37.400,-28.618,-33.450,-37.943,-40.001,-28.625,-33.549,-38.532,-40.919,-28.594,-33.211,-37.203,-38.927,-28.557,-33.126,-37.078,-38.765
1.071519e+07,-1.336,-35.835,-0.675,-39.310,-37.389,-28.642,-33.437,-37.941,-40.011,-28.650,-33.538,-38.539,-40.946,-28.618,-33.194,-37.187,-38.916,-28.580,-33.108,-37.060,-38.752
1.096478e+07,-1.332,-35.893,-0.677,-39.307,-37.377,-28.667,-33.424,-37.939,-40.021,-28.675,-33.526,-38.546,-40.973,-28.641,-33.176,-37.172,-38.906,-28.603,-33.089,-37.043,-38.738
1.122018e+07,-1.328,-35.952,-0.679,-39.304,-37.365,-28.691,-33.411,-37.937,-40.031,-28.699,-33.515,-38.554,-41.001,-28.665,-33.159,-37.157,-38.895,-28.626,-33.071,-37.025,-38.724
1.148154e+07,-1.324,-36.011,-0.680,-39.300,-37.353,-28.716,-33.399,-37.935,-40.042,-28.724,-33.504,-38.561,-41.028,-28.689,-33.141,-37.141,-38.883,-28.650,-33.052,-37.007,-38.710
1.174898e+07,-1.320,-36.070,-0.682,-39.296,-37.342,-28.741,-33.386,-37.933,-40.052,-28.749,-33.493,-38.569,-41.055,-28.713,-33.124,-37.125,-38.872,-28.673,-33.033,-36.989,-38.695
1.202264e+07,-1.316,-36.130,-0.684,-39.292,-37.329,-28.766,-33.373,-37.932,-40.062,-28.774,-33.482,-38.577,-41.083,-28.736,-33.106,-37.109,-38.859,-28.696,-33.014,-36.971,-38.679
1.230269e+07,-1.312,-36.190,-0.685,-39.288,-37.317,-28.790,-33.360,-37.930,-40.072,-28.799,-33.471,-38.585,-41.110,-28.760,-33.088,-37.093,-38.847,-28.719,-32.995,-36.953,-38.664
1.258925e+07,-1.308,-36.250,-0.687,-39.283,-37.305,-28.815,-33.347,-37.928,-40.082,-28.824,-33.460,-38.592,-41.137,-28.784,-33.070,-37.077,-38.834,-28.742,-32.976,-36.934,-38.647
1.288250e+07,-1.304,-36.311,-0.688,-39.279,-37.293,-28.840,-33.334,-37.927,-40.091,-28.849,-33.449,-38.600,-41.165,-28.808,-33.052,-37.060,-38.821,-28.765,-32.957,-36.915,-38.631
1.318257e+07,-1.301,-36.372,-0.690,-39.273,-37.281,-28.865,-33.321,-37.925,-40.101,-28.875,-33.438,-38.608,-41.192,-28.832,-33.034,-37.044,-38.807,-28.788,-32.937,-36.896,-38.614
1.348963e+07,-1.297,-36.434,-0.692,-39.268,-37.268,-28.890,-33.308,-37.924,-40.111,-28.900,-33.427,-38.616,-41.219,-28.856,-33.016,-37.027,-38.793,-28.812,-32.918,-36.877,-38.596
1.380384e+07,-1.293,-36.496,-0.693,-39.263,-37.256,-28.915,-33.296,-37.923,-40.121,-28.925,-33.416,-38.624,-41.245,-28.880,-32.998,-37.010,-38.779,-28.835,-32.898,-36.857,-38.578
1.412538e+07,-1.289,-36.558,-0.695,-39.257,-37.243,-28.941,-33.283,-37.921,-40.130,-28.951,-33.405,-38.632,-41.272,-28.904,-32.979,-36.993,-38.764,-28.858,-32.878,-36.838,-38.560
1.445440e+07,-1.285,-36.621,-0.697,-39.251,-37.230,-28.966,-33.270,-37.920,-40.140,-28.976,-33.395,-38.640,-41.298,-28.928,-32.961,-36.976,-38.749,-28.881,-32.858,-36.818,-38.541
1.479108e+07,-1.281,-36.684,-0.698,-39.244,-37.218,-28.991,-33.257,-37.919,-40.149,-29.002,-33.384,-38.648,-41.325,-28.952,-32.942,-36.959,-38.734,-28.904,-32.838,-36.798,-38.522
1.513561e+07,-1.277,-36.747,-0.700,-39.238,-37.205,-29.017,-33.244,-37.918,-40.159,-29.028,-33.373,-38.656,-41.350,-28.976,-32.923,-36.941,-38.718,-28.927,-32.818,-36.778,-38.503
1.548817e+07,-1.273,-36.811,-0.701,-39.231,-37.192,-29.042,-33.231,-37.917,-40.168,-29.054,-33.362,-38.664,-41.376,-29.000,-32.904,-36.924,-38.702,-28.951,-32.797,-36.758,-38.483
1.584893e+07,-1.269,-36.876,-0.703,-39.224,-37.179,-29.068,-33.218,-37.916,-40.177,-29.079,-33.351,-38.671,-41.401,-29.024,-32.885,-36.906,-38.685,-28.974,-32.777,-36.737,-38.462
1.621810e+07,-1.265,-36.941,-0.705,-39.217,-37.166,-29.093,-33.205,-37.915,-40.186,-29.105,-33.341,-38.679,-41.426,-29.048,-32.866,-36.888,-38.668,-28.997,-32.756,-36.716,-38.441
1.659587e+07,-1.261,-37.006,-0.706,-39.209,-37.153,-29.119,-33.192,-37.914,-40.196,-29.131,-33.330,-38.686,-41.450,-29.072,-32.846,-36.870,-38.651,-29.020,-32.735,-36.695,-38.420
1.698244e+07,-1.257,-37.071,-0.708,-39.202,-37.140,-29.145,-33.179,-37.913,-40.205,-29.158,-33.319,-38.693,-41.473,-29.096,-32.827,-36.852,-38.633,-29.043,-32.714,-36.674,-38.398
1.737801e+07,-1.253,-37.137,-0.710,-39.194,-37.126,-29.171,-33.166,-37.913,-40.214,-29.184,-33.309,-38.700,-41.496,-29.120,-32.807,-36.833,-38.615,-29.066,-32.693,-36.653,-38.376
1.778279e+07,-1.249,-37.204,-0.711,-39.186,-37.113,-29.197,-33.153,-37.912,-40.222,-29.210,-33.298,-38.707,-41.518,-29.144,-32.788,-36.815,-38.597,-29.089,-32.671,-36.631,-38.354
1.819701e+07,-1.245,-37.270,-0.713,-39.177,-37.100,-29.223,-33.140,-37.912,-40.231,-29.236,-33.287,-38.714,-41.540,-29.168,-32.768,-36.796,-38.578,-29.112,-32.650,-36.609,-38.330
1.862087e+07,-1.241,-37.337,-0.715,-39.169,-37.086,-29.249,-33.127,-37.911,-40.240,-29.263,-33.277,-38.720,-41.560,-29.192,-32.748,-36.777,-38.558,-29.134,-32.628,-36.587,-38.307
1.905461e+07,-1.237,-37.405,-0.716,-39.160,-37.073,-29.275,-33.114,-37.911,-40.248,-29.289,-33.266,-38.726,-41.580,-29.215,-32.727,-36.758,-38.539,-29.157,-32.606,-36.565,-38.283
1.949845e+07,-1.234,-37.473,-0.718,-39.151,-37.059,-29.301,-33.101,-37.910,-40.257,-29.316,-33.256,-38.732,-41.599,-29.239,-32.707,-36.739,-38.519,-29.180,-32.584,-36.543,-38.259
1.995262e+07,-1.230,-37.541,-0.719,-39.141,-37.046,-29.327,-33.088,-37.910,-40.265,-29.343,-33.245,-38.737,-41.616,-29.263,-32.686,-36.719,-38.498,-29.203,-32.562,-36.520,-38.234
2.041738e+07,-1.226,-37.610,-0.721,-39.132,-37.032,-29.354,-33.075,-37.910,-40.273,-29.370,-33.235,-38.741,-41.633,-29.287,-32.666,-36.700,-38.478,-29.225,-32.539,-36.497,-38.209
2.089296e+07,-1.222,-37.679,-0.723,-39.122,-37.018,-29.380,-33.062,-37.910,-40.282,-29.397,-33.224,-38.746,-41.648,-29.310,-32.645,-36.680,-38.457,-29.248,-32.517,-36.474,-38.183
2.137962e+07,-1.218,-37.749,-0.724,-39.112,-37.004,-29.406,-33.049,-37.909,-40.290,-29.423,-33.214,-38.749,-41.661,-29.334,-32.624,-36.660,-38.435,-29.270,-32.494,-36.451,-38.157
2.187762e+07,-1.214,-37.818,-0.726,-39.102,-36.990,-29.433,-33.036,-37.909,-40.297,-29.451,-33.203,-38.752,-41.673,-29.358,-32.603,-36.640,-38.413,-29.292,-32.471,-36.427,-38.130
2.238721e+07,-1.210,-37.889,-0.728,-39.092,-36.976,-29.459,-33.023,-37.909,-40.305,-29.478,-33.193,-38.755,-41.684,-29.381,-32.581,-36.620,-38.391,-29.314,-32.447,-36.404,-38.103
2.290868e+07,-1.206,-37.959,-0.729,-39.081,-36.962,-29.486,-33.010,-37.909,-40.312,-29.505,-33.183,-38.756,-41.693,-29.404,-32.560,-36.600,-38.368,-29.336,-32.424,-36.380,-38.075
2.344229e+07,-1.202,-38.030,-0.731,-39.070,-36.948,-29.513,-32.997,-37.909,-40.320,-29.532,-33.172,-38.757,-41.699,-29.428,-32.538,-36.579,-38.345,-29.358,-32.400,-36.355,-38.047
2.398833e+07,-1.198,-38.101,-0.732,-39.059,-36.934,-29.539,-32.984,-37.909,-40.327,-29.560,-33.162,-38.757,-41.704,-29.451,-32.516,-36.559,-38.321,-29.380,-32.376,-36.331,-38.019
2.454709e+07,-1.194,-38.173,-0.734,-39.048,-36.920,-29.566,-32.971,-37.909,-40.334,-29.587,-33.152,-38.756,-41.707,-29.474,-32.494,-36.538,-38.297,-29.402,-32.352,-36.306,-37.990
2.511886e+07,-1.190,-38.245,-0.736,-39.036,-36.905,-29.593,-32.958,-37.909,-40.340,-29.615,-33.142,-38.754,-41.707,-29.497,-32.471,-36.517,-38.273,-29.423,-32.328,-36.281,-37.961
2.570396e+07,-1.186,-38.317,-0.737,-39.025,-36.891,-29.620,-32.945,-37.909,-40.347,-29.642,-33.132,-38.751,-41.705,-29.520,-32.449,-36.496,-38.249,-29.444,-32.303,-36.256,-37.931
2.630268e+07,-1.182,-38.389,-0.739,-39.013,-36.877,-29.647,-32.932,-37.909,-40.353,-29.670,-33.121,-38.747,-41.700,-29.542,-32.426,-36.474,-38.223,-29.465,-32.278,-36.231,-37.900
2.691535e+07,-1.178,-38.462,-0.741,-39.001,-36.862,-29.674,-32.919,-37.909,-40.359,-29.698,-33.111,-38.742,-41.693,-29.565,-32.403,-36.453,-38.198,-29.486,-32.253,-36.205,-37.870
2.754229e+07,-1.174,-38.535,-0.742,-38.989,-36.848,-29.701,-32.906,-37.909,-40.365,-29.726,-33.101,-38.735,-41.682,-29.587,-32.380,-36.431,-38.172,-29.507,-32.227,-36.179,-37.838
2.818383e+07,-1.170,-38.608,-0.744,-38.976,-36.833,-29.728,-32.893,-37.908,-40.370,-29.754,-33.091,-38.727,-41.669,-29.610,-32.356,-36.409,-38.146,-29.527,-32.202,-36.153,-37.807
2.884032e+07,-1.167,-38.682,-0.746,-38.964,-36.818,-29.755,-32.880,-37.908,-40.375,-29.782,-33.081,-38.718,-41.652,-29.632,-32.333,-36.387,-38.119,-29.547,-32.176,-36.127,-37.774
2.951209e+07,-1.163,-38.755,-0.747,-38.951,-36.804,-29.783,-32.867,-37.908,-40.380,-29.810,-33.071,-38.707,-41.632,-29.653,-32.309,-36.365,-38.092,-29.567,-32.149,-36.100,-37.742
3.019952e+07,-1.159,-38.829,-0.749,-38.938,-36.789,-29.810,-32.854,-37.907,-40.384,-29.838,-33.061,-38.694,-41.608,-29.675,-32.285,-36.342,-38.065,-29.587,-32.123,-36.073,-37.708
3.090295e+07,-1.155,-38.903,-0.750,-38.924,-36.774,-29.837,-32.841,-37.907,-40.388,-29.867,-33.051,-38.679,-41.581,-29.696,-32.260,-36.319,-38.037,-29.606,-32.096,-36.046,-37.675
3.162278e+07,-1.151,-38.977,-0.752,-38.911,-36.759,-29.864,-32.828,-37.906,-40.391,-29.895,-33.041,-38.663,-41.550,-29.717,-32.236,-36.297,-38.008,-29.625,-32.069,-36.019,-37.640
3.235937e+07,-1.147,-39.051,-0.754,-38.897,-36.744,-29.892,-32.815,-37.906,-40.394,-29.924,-33.031,-38.644,-41.514,-29.738,-32.211,-36.274,-37.980,-29.644,-32.041,-35.991,-37.606
3.311311e+07,-1.143,-39.125,-0.755,-38.884,-36.729,-29.919,-32.802,-37.905,-40.397,-29.952,-33.021,-38.624,-41.475,-29.759,-32.185,-36.250,-37.951,-29.662,-32.013,-35.963,-37.570
3.388442e+07,-1.139,-39.199,-0.757,-38.870,-36.714,-29.947,-32.789,-37.904,-40.399,-29.981,-33.011,-38.601,-41.431,-29.779,-32.160,-36.227,-37.921,-29.680,-31.985,-35.935,-37.535
3.467369e+07,-1.135,-39.273,-0.759,-38.855,-36.699,-29.974,-32.776,-37.902,-40.400,-30.010,-33.002,-38.576,-41.383,-29.799,-32.134,-36.203,-37.891,-29.698,-31.957,-35.906,-37.499
3.548134e+07,-1.131,-39.347,-0.760,-38.841,-36.684,-30.002,-32.762,-37.901,-40.401,-30.038,-32.992,-38.548,-41.330,-29.819,-32.108,-36.180,-37.861,-29.715,-31.928,-35.878,-37.462
3.630781e+07,-1.127,-39.421,-0.762,-38.827,-36.669,-30.029,-32.749,-37.899,-40.401,-30.067,-32.982,-38.518,-41.273,-29.838,-32.082,-36.156,-37.830,-29.732,-31.899,-35.848,-37.424
3.715352e+07,-1.123,-39.495,-0.764,-38.812,-36.654,-30.057,-32.736,-37.897,-40.401,-30.096,-32.972,-38.485,-41.211,-29.857,-32.055,-36.131,-37.799,-29.749,-31.869,-35.819,-37.387
3.801894e+07,-1.119,-39.569,-0.765,-38.797,-36.639,-30.085,-32.723,-37.895,-40.400,-30.126,-32.962,-38.450,-41.144,-29.875,-32.028,-36.107,-37.767,-29.764,-31.839,-35.789,-37.348
3.890451e+07,-1.115,-39.642,-0.767,-38.782,-36.623,-30.112,-32.710,-37.892,-40.398,-30.155,-32.952,-38.411,-41.072,-29.893,-32.001,-36.083,-37.735,-29.780,-31.809,-35.759,-37.309
3.981072e+07,-1.111,-39.715,-0.768,-38.767,-36.608,-30.140,-32.697,-37.889,-40.395,-30.184,-32.943,-38.370,-40.995,-29.911,-31.973,-36.058,-37.703,-29.795,-31.778,-35.729,-37.270
4.073803e+07,-1.107,-39.787,-0.770,-38.751,-36.593,-30.167,-32.684,-37.886,-40.392,-30.214,-32.933,-38.325,-40.913,-29.928,-31.945,-36.033,-37.670,-29.809,-31.747,-35.698,-37.230
4.168694e+07,-1.104,-39.859,-0.772,-38.736,-36.577,-30.195,-32.671,-37.882,-40.387,-30.243,-32.923,-38.277,-40.826,-29.945,-31.917,-36.008,-37.636,-29.823,-31.716,-35.668,-37.190
4.265795e+07,-1.100,-39.930,-0.773,-38.720,-36.562,-30.223,-32.658,-37.878,-40.382,-30.273,-32.914,-38.226,-40.733,-29.961,-31.888,-35.982,-37.602,-29.836,-31.684,-35.636,-37.149
4.365158e+07,-1.096,-40.001,-0.775,-38.704,-36.546,-30.250,-32.645,-37.873,-40.375,-30.302,-32.904,-38.171,-40.636,-29.977,-31.859,-35.956,-37.568,-29.848,-31.652,-35.605,-37.107
4.466836e+07,-1.092,-40.071,-0.777,-38.688,-36.531,-30.278,-32.631,-37.868,-40.368,-30.332,-32.894,-38.113,-40.533,-29.992,-31.829,-35.931,-37.533,-29.860,-31.619,-35.573,-37.065
4.570882e+07,-1.088,-40.140,-0.778,-38.672,-36.515,-30.306,-32.618,-37.862,-40.359,-30.362,-32.884,-38.051,-40.425,-30.006,-31.799,-35.905,-37.498,-29.871,-31.586,-35.541,-37.022
4.677351e+07,-1.084,-40.209,-0.780,-38.656,-36.499,-30.333,-32.605,-37.856,-40.350,-30.392,-32.875,-37.986,-40.312,-30.020,-31.769,-35.878,-37.463,-29.881,-31.552,-35.508,-36.979
4.786301e+07,-1.080,-40.276,-0.782,-38.639,-36.484,-30.361,-32.592,-37.849,-40.339,-30.422,-32.865,-37.916,-40.194,-30.033,-31.738,-35.852,-37.427,-29.891,-31.518,-35.475,-36.935
4.897788e+07,-1.076,-40.342,-0.783,-38.622,-36.468,-30.388,-32.579,-37.841,-40.326,-30.452,-32.855,-37.843,-40.072,-30.045,-31.707,-35.825,-37.390,-29.899,-31.483,-35.442,-36.890
5.011872e+07,-1.072,-40.407,-0.785,-38.606,-36.452,-30.416,-32.566,-37.832,-40.313,-30.482,-32.845,-37.766,-39.944,-30.057,-31.676,-35.798,-37.353,-29.907,-31.448,-35.408,-36.845
5.128614e+07,-1.068,-40.470,-0.786,-38.589,-36.436,-30.443,-32.553,-37.823,-40.298,-30.512,-32.836,-37.685,-39.811,-30.068,-31.644,-35.771,-37.316,-29.914,-31.412,-35.374,-36.799
5.248075e+07,-1.064,-40.532,-0.788,-38.572,-36.421,-30.471,-32.540,-37.813,-40.281,-30.542,-32.826,-37.600,-39.674,-30.078,-31.611,-35.743,-37.278,-29.920,-31.376,-35.340,-36.753
5.370318e+07,-1.060,-40.593,-0.790,-38.554,-36.405,-30.498,-32.526,-37.802,-40.263,-30.573,-32.816,-37.510,-39.532,-30.087,-31.578,-35.716,-37.239,-29.925,-31.339,-35.305,-36.706
5.495409e+07,-1.056,-40.652,-0.791,-38.537,-36.389,-30.526,-32.513,-37.790,-40.243,-30.603,-32.806,-37.417,-39.385,-30.095,-31.545,-35.688,-37.200,-29.929,-31.302,-35.270,-36.658
5.623413e+07,-1.052,-40.708,-0.793,-38.519,-36.373,-30.553,-32.500,-37.777,-40.222,-30.634,-32.796,-37.319,-39.234,-30.102,-31.511,-35.659,-37.161,-29.932,-31.264,-35.235,-36.610
5.754399e+07,-1.048,-40.763,-0.795,-38.502,-36.357,-30.580,-32.487,-37.763,-40.198,-30.664,-32.787,-37.217,-39.079,-30.109,-31.477,-35.631,-37.121,-29.933,-31.226,-35.199,-36.561
5.888437e+07,-1.044,-40.816,-0.796,-38.484,-36.341,-30.607,-32.474,-37.747,-40.173,-30.695,-32.777,-37.112,-38.920,-30.114,-31.442,-35.602,-37.080,-29.934,-31.186,-35.162,-36.512
6.025596e+07,-1.041,-40.866,-0.798,-38.466,-36.325,-30.634,-32.461,-37.731,-40.146,-30.726,-32.767,-37.001,-38.757,-30.118,-31.406,-35.573,-37.039,-29.933,-31.147,-35.126,-36.461
6.165950e+07,-1.037,-40.913,-0.800,-38.448,-36.309,-30.661,-32.447,-37.713,-40.116,-30.757,-32.757,-36.887,-38.591,-30.121,-31.370,-35.544,-36.998,-29.931,-31.106,-35.088,-36.411
6.309573e+07,-1.033,-40.958,-0.801,-38.430,-36.293,-30.688,-32.434,-37.694,-40.085,-30.788,-32.747,-36.769,-38.420,-30.123,-31.334,-35.515,-36.956,-29.928,-31.065,-35.051,-36.359
6.456542e+07,-1.029,-41.001,-0.803,-38.411,-36.276,-30.714,-32.421,-37.673,-40.051,-30.819,-32.736,-36.647,-38.247,-30.124,-31.297,-35.485,-36.913,-29.923,-31.024,-35.013,-36.307
6.606934e+07,-1.025,-41.040,-0.805,-38.393,-36.260,-30.741,-32.408,-37.651,-40.015,-30.850,-32.726,-36.520,-38.070,-30.123,-31.259,-35.455,-36.870,-29.917,-30.981,-34.975,-36.254
6.760830e+07,-1.021,-41.076,-0.806,-38.374,-36.244,-30.767,-32.395,-37.627,-39.977,-30.881,-32.716,-36.390,-37.889,-30.121,-31.221,-35.424,-36.827,-29.910,-30.938,-34.936,-36.200
6.918310e+07,-1.017,-41.108,-0.808,-38.356,-36.228,-30.794,-32.381,-37.602,-39.936,-30.912,-32.706,-36.256,-37.706,-30.118,-31.182,-35.394,-36.783,-29.901,-30.895,-34.896,-36.146
7.079458e+07,-1.013,-41.137,-0.809,-38.337,-36.211,-30.820,-32.368,-37.574,-39.892,-30.943,-32.695,-36.118,-37.520,-30.113,-31.142,-35.363,-36.738,-29.890,-30.850,-34.857,-36.091
7.244360e+07,-1.009,-41.163,-0.811,-38.318,-36.195,-30.845,-32.355,-37.545,-39.846,-30.975,-32.685,-35.976,-37.332,-30.107,-31.102,-35.332,-36.693,-29.878,-30.805,-34.816,-36.035
7.413102e+07,-1.005,-41.184,-0.813,-38.299,-36.179,-30.871,-32.342,-37.514,-39.798,-31.006,-32.674,-35.830,-37.141,-30.099,-31.061,-35.300,-36.647,-29.863,-30.759,-34.776,-35.978
7.585776e+07,-1.001,-41.202,-0.814,-38.280,-36.162,-30.897,-32.328,-37.481,-39.746,-31.037,-32.663,-35.681,-36.948,-30.089,-31.019,-35.269,-36.600,-29.848,-30.712,-34.734,-35.921
7.762471e+07,-0.997,-41.215,-0.816,-38.260,-36.146,-30.922,-32.315,-37.446,-39.692,-31.069,-32.652,-35.528,-36.752,-30.078,-30.977,-35.236,-36.553,-29.830,-30.665,-34.693,-35.862
7.943282e+07,-0.993,-41.224,-0.818,-38.241,-36.130,-30.947,-32.302,-37.409,-39.634,-31.100,-32.641,-35.373,-36.554,-30.065,-30.934,-35.204,-36.506,-29.811,-30.616,-34.650,-35.804
8.128305e+07,-0.989,-41.228,-0.819,-38.221,-36.113,-30.971,-32.288,-37.369,-39.574,-31.132,-32.630,-35.213,-36.355,-30.051,-30.890,-35.171,-36.457,-29.789,-30.567,-34.608,-35.744
8.317638e+07,-0.985,-41.228,-0.821,-38.202,-36.097,-30.996,-32.275,-37.328,-39.510,-31.163,-32.619,-35.051,-36.154,-30.034,-30.845,-35.138,-36.408,-29.766,-30.517,-34.564,-35.683
8.511380e+07,-0.981,-41.222,-0.823,-38.182,-36.080,-31.020,-32.262,-37.283,-39.444,-31.195,-32.607,-34.885,-35.951,-30.016,-30.800,-35.105,-36.359,-29.740,-30.466,-34.521,-35.622
8.709636e+07,-0.978,-41.212,-0.824,-38.162,-36.064,-31.044,-32.249,-37.236,-39.374,-31.227,-32.596,-34.717,-35.746,-29.996,-30.754,-35.071,-36.309,-29.713,-30.414,-34.476,-35.560
8.912509e+07,-0.974,-41.197,-0.826,-38.142,-36.047,-31.067,-32.235,-37.187,-39.301,-31.258,-32.584,-34.546,-35.540,-29.973,-30.707,-35.037,-36.258,-29.683,-30.362,-34.431,-35.497
9.120108e+07,-0.970,-41.177,-0.828,-38.122,-36.030,-31.090,-32.222,-37.135,-39.224,-31.290,-32.572,-34.372,-35.333,-29.949,-30.659,-35.003,-36.207,-29.651,-30.308,-34.386,-35.433
9.332543e+07,-0.966,-41.152,-0.829,-38.102,-36.014,-31.113,-32.208,-37.080,-39.145,-31.322,-32.559,-34.195,-35.125,-29.922,-30.610,-34.968,-36.155,-29.617,-30.253,-34.340,-35.368
9.549926e+07,-0.962,-41.121,-0.831,-38.082,-35.997,-31.136,-32.195,-37.022,-39.061,-31.354,-32.547,-34.016,-34.915,-29.893,-30.561,-34.933,-36.102,-29.580,-30.198,-34.293,-35.302
9.772372e+07,-0.958,-41.085,-0.833,-38.061,-35.980,-31.158,-32.182,-36.961,-38.975,-31.385,-32.534,-33.835,-34.705,-29.862,-30.510,-34.898,-36.048,-29.541,-30.141,-34.246,-35.236
1.000000e+08,-0.954,-41.043,-0.834,-38.041,-35.964,-31.179,-32.168,-36.897,-38.885,-31.417,-32.521,-33.651,-34.493,-29.829,-30.459,-34.862,-35.994,-29.500,-30.083,-34.198,-35.168
1.023293e+08,-0.950,-40.997,-0.835,-37.953,-35.868,-31.200,-32.127,-36.894,-38.908,-31.449,-32.504,-33.579,-34.414,-29.793,-30.350,-34.727,-35.837,-29.456,-29.969,-34.050,-34.999
1.047129e+08,-0.946,-40.944,-0.835,-37.863,-35.771,-31.221,-32.084,-36.889,-38.929,-31.481,-32.486,-33.503,-34.331,-29.755,-30.240,-34.591,-35.679,-29.410,-29.852,-33.902,-34.829
1.071519e+08,-0.942,-40.887,-0.836,-37.770,-35.673,-31.241,-32.040,-36.883,-38.948,-31.513,-32.468,-33.423,-34.244,-29.714,-30.129,-34.455,-35.520,-29.361,-29.735,-33.753,-34.659
1.096478e+08,-0.938,-40.824,-0.836,-37.675,-35.573,-31.260,-31.995,-36.876,-38.967,-31.544,-32.449,-33.339,-34.152,-29.671,-30.016,-34.318,-35.360,-29.309,-29.616,-33.604,-34.488
1.122018e+08,-0.934,-40.756,-0.837,-37.578,-35.472,-31.279,-31.950,-36.868,-38.983,-31.576,-32.430,-33.252,-34.057,-29.626,-29.902,-34.180,-35.199,-29.255,-29.496,-33.454,-34.317
1.148154e+08,-0.930,-40.683,-0.837,-37.480,-35.371,-31.297,-31.903,-36.859,-38.998,-31.608,-32.410,-33.161,-33.957,-29.577,-29.786,-34.042,-35.039,-29.198,-29.375,-33.305,-34.146
1.174898e+08,-0.926,-40.604,-0.838,-37.379,-35.269,-31.315,-31.856,-36.849,-39.012,-31.639,-32.390,-33.067,-33.853,-29.526,-29.670,-33.904,-34.877,-29.139,-29.252,-33.155,-33.975
1.202264e+08,-0.922,-40.520,-0.838,-37.277,-35.166,-31.332,-31.808,-36.839,-39.024,-31.671,-32.370,-32.968,-33.744,-29.473,-29.552,-33.765,-34.716,-29.076,-29.129,-33.005,-33.804
1.230269e+08,-0.918,-40.432,-0.839,-37.173,-35.062,-31.348,-31.759,-36.827,-39.035,-31.703,-32.349,-32.866,-33.632,-29.416,-29.433,-33.627,-34.554,-29.011,-29.004,-32.856,-33.633
1.258925e+08,-0.915,-40.338,-0.839,-37.069,-34.958,-31.363,-31.709,-36.815,-39.044,-31.734,-32.328,-32.760,-33.515,-29.357,-29.313,-33.488,-34.392,-28.943,-28.879,-32.706,-33.463
1.288250e+08,-0.911,-40.240,-0.840,-36.963,-34.854,-31.378,-31.659,-36.801,-39.052,-31.766,-32.307,-32.649,-33.394,-29.295,-29.192,-33.349,-34.231,-28.873,-28.752,-32.557,-33.292
1.318257e+08,-0.907,-40.138,-0.840,-36.856,-34.749,-31.392,-31.608,-36.787,-39.057,-31.797,-32.285,-32.536,-33.269,-29.230,-29.070,-33.211,-34.069,-28.799,-28.625,-32.407,-33.122
1.348963e+08,-0.903,-40.031,-0.841,-36.749,-34.645,-31.405,-31.556,-36.771,-39.062,-31.828,-32.264,-32.418,-33.140,-29.163,-28.948,-33.072,-33.907,-28.723,-28.497,-32.258,-32.953
1.380384e+08,-0.899,-39.919,-0.841,-36.640,-34.540,-31.417,-31.503,-36.755,-39.064,-31.859,-32.242,-32.296,-33.006,-29.093,-28.824,-32.934,-33.746,-28.644,-28.368,-32.110,-32.784
1.412538e+08,-0.895,-39.804,-0.841,-36.532,-34.435,-31.429,-31.450,-36.738,-39.065,-31.890,-32.220,-32.170,-32.869,-29.019,-28.699,-32.795,-33.585,-28.562,-28.238,-31.961,-32.615
1.445440e+08,-0.891,-39.684,-0.842,-36.422,-34.329,-31.439,-31.397,-36.719,-39.064,-31.921,-32.198,-32.041,-32.728,-28.943,-28.574,-32.658,-33.425,-28.477,-28.107,-31.813,-32.446
1.479108e+08,-0.887,-39.561,-0.842,-36.313,-34.224,-31.448,-31.343,-36.700,-39.062,-31.952,-32.176,-31.908,-32.583,-28.864,-28.448,-32.520,-33.265,-28.389,-27.976,-31.665,-32.279
1.513561e+08,-0.883,-39.434,-0.842,-36.203,-34.119,-31.456,-31.288,-36.679,-39.057,-31.983,-32.154,-31.771,-32.434,-28.782,-28.321,-32.382,-33.105,-28.299,-27.844,-31.518,-32.111
1.548817e+08,-0.879,-39.304,-0.843,-36.093,-34.015,-31.463,-31.233,-36.658,-39.050,-32.013,-32.132,-31.630,-32.282,-28.697,-28.193,-32.245,-32.946,-28.206,-27.711,-31.371,-31.945
1.584893e+08,-0.875,-39.171,-0.843,-35.982,-33.910,-31.469,-31.177,-36.635,-39.041,-32.044,-32.110,-31.485,-32.125,-28.610,-28.065,-32.109,-32.787,-28.110,-27.578,-31.224,-31.778
1.621810e+08,-0.871,-39.034,-0.843,-35.872,-33.806,-31.474,-31.121,-36.610,-39.030,-32.074,-32.087,-31.337,-31.965,-28.519,-27.936,-31.972,-32.628,-28.011,-27.444,-31.078,-31.613
1.659587e+08,-0.867,-38.894,-0.843,-35.762,-33.701,-31.477,-31.064,-36.584,-39.016,-32.104,-32.065,-31.185,-31.802,-28.426,-27.806,-31.836,-32.471,-27.909,-27.309,-30.932,-31.448
1.698244e+08,-0.863,-38.752,-0.844,-35.652,-33.598,-31.480,-31.007,-36.557,-38.999,-32.134,-32.043,-31.030,-31.635,-28.329,-27.676,-31.701,-32.313,-27.805,-27.174,-30.787,-31.283
1.737801e+08,-0.859,-38.607,-0.844,-35.542,-33.494,-31.480,-30.950,-36.528,-38.980,-32.163,-32.021,-30.871,-31.465,-28.230,-27.545,-31.566,-32.156,-27.698,-27.038,-30.642,-31.119
1.778279e+08,-0.855,-38.459,-0.844,-35.432,-33.391,-31.480,-30.892,-36.497,-38.958,-32.192,-31.999,-30.709,-31.292,-28.129,-27.413,-31.431,-32.000,-27.588,-26.902,-30.498,-30.956
1.819701e+08,-0.851,-38.310,-0.844,-35.323,-33.289,-31.478,-30.834,-36.464,-38.933,-32.221,-31.977,-30.543,-31.116,-28.024,-27.281,-31.297,-31.844,-27.476,-26.765,-30.354,-30.793
1.862087e+08,-0.847,-38.158,-0.844,-35.214,-33.186,-31.474,-30.775,-36.429,-38.904,-32.250,-31.955,-30.374,-30.936,-27.917,-27.148,-31.163,-31.689,-27.361,-26.627,-30.210,-30.631
1.905461e+08,-0.844,-38.004,-0.845,-35.105,-33.085,-31.469,-30.716,-36.392,-38.872,-32.278,-31.933,-30.202,-30.754,-27.806,-27.015,-31.030,-31.535,-27.243,-26.490,-30.067,-30.469
1.949845e+08,-0.840,-37.848,-0.845,-34.997,-32.984,-31.463,-30.657,-36.353,-38.836,-32.306,-31.912,-30.027,-30.569,-27.694,-26.882,-30.897,-31.381,-27.123,-26.351,-29.925,-30.308
1.995262e+08,-0.836,-37.690,-0.845,-34.889,-32.883,-31.454,-30.598,-36.311,-38.797,-32.334,-31.890,-29.848,-30.381,-27.578,-26.748,-30.765,-31.227,-27.000,-26.212,-29.783,-30.147
2.041738e+08,-0.832,-37.531,-0.845,-34.781,-32.783,-31.444,-30.539,-36.266,-38.753,-32.361,-31.869,-29.667,-30.191,-27.460,-26.613,-30.633,-31.074,-26.875,-26.073,-29.641,-29.987
2.089296e+08,-0.828,-37.370,-0.845,-34.674,-32.683,-31.433,-30.479,-36.218,-38.704,-32.388,-31.848,-29.483,-29.998,-27.340,-26.478,-30.502,-30.922,-26.748,-25.934,-29.500,-29.828
2.137962e+08,-0.824,-37.208,-0.845,-34.568,-32.584,-31.419,-30.419,-36.167,-38.651,-32.415,-31.827,-29.296,-29.802,-27.217,-26.342,-30.371,-30.770,-26.618,-25.794,-29.359,-29.669
2.187762e+08,-0.820,-37.045,-0.845,-34.462,-32.486,-31.404,-30.358,-36.113,-38.593,-32.441,-31.807,-29.107,-29.605,-27.092,-26.206,-30.240,-30.619,-26.487,-25.653,-29.218,-29.510
2.238721e+08,-0.816,-36.880,-0.845,-34.357,-32.388,-31.386,-30.298,-36.055,-38.530,-32.466,-31.786,-28.914,-29.405,-26.964,-26.070,-30.111,-30.468,-26.352,-25.512,-29.078,-29.352
2.290868e+08,-0.812,-36.715,-0.845,-34.252,-32.290,-31.367,-30.237,-35.994,-38.461,-32.491,-31.766,-28.720,-29.203,-26.834,-25.933,-29.981,-30.318,-26.216,-25.371,-28.939,-29.195
2.344229e+08,-0.808,-36.548,-0.845,-34.148,-32.194,-31.346,-30.177,-35.928,-38.387,-32.516,-31.746,-28.523,-28.999,-26.701,-25.796,-29.852,-30.168,-26.078,-25.229,-28.800,-29.037
2.398833e+08,-0.804,-36.381,-0.845,-34.045,-32.098,-31.322,-30.116,-35.859,-38.307,-32.540,-31.726,-28.324,-28.794,-26.567,-25.658,-29.723,-30.019,-25.937,-25.087,-28.661,-28.881
2.454709e+08,-0.800,-36.212,-0.845,-33.942,-32.002,-31.297,-30.055,-35.785,-38.221,-32.563,-31.707,-28.123,-28.586,-26.430,-25.520,-29.595,-29.870,-25.795,-24.945,-28.522,-28.725
2.511886e+08,-0.796,-36.043,-0.845,-33.840,-31.907,-31.269,-29.994,-35.706,-38.128,-32.586,-31.687,-27.919,-28.377,-26.291,-25.382,-29.467,-29.721,-25.650,-24.802,-28.384,-28.569
2.570396e+08,-0.792,-35.873,-0.845,-33.738,-31.813,-31.239,-29.932,-35.623,-38.029,-32.608,-31.668,-27.714,-28.166,-26.150,-25.243,-29.340,-29.574,-25.504,-24.659,-28.246,-28.414
2.630268e+08,-0.788,-35.703,-0.845,-33.637,-31.719,-31.207,-29.871,-35.534,-37.923,-32.629,-31.649,-27.507,-27.954,-26.007,-25.104,-29.213,-29.426,-25.356,-24.515,-28.109,-28.259
2.691535e+08,-0.784,-35.532,-0.845,-33.537,-31.626,-31.173,-29.809,-35.440,-37.810,-32.649,-31.630,-27.298,-27.741,-25.862,-24.965,-29.086,-29.279,-25.206,-24.372,-27.972,-28.104
2.754229e+08,-0.780,-35.361,-0.845,-33.438,-31.534,-31.136,-29.748,-35.341,-37.690,-32.669,-31.612,-27.087,-27.526,-25.715,-24.825,-28.960,-29.133,-25.055,-24.228,-27.835,-27.950
2.818383e+08,-0.776,-35.189,-0.845,-33.339,-31.442,-31.097,-29.686,-35.236,-37.563,-32.688,-31.593,-26.875,-27.309,-25.567,-24.685,-28.835,-28.987,-24.901,-24.083,-27.699,-27.796
2.884032e+08,-0.772,-35.017,-0.845,-33.241,-31.351,-31.055,-29.624,-35.126,-37.429,-32.706,-31.575,-26.661,-27.092,-25.416,-24.544,-28.709,-28.841,-24.747,-23.938,-27.563,-27.643
2.951209e+08,-0.768,-34.844,-0.844,-33.143,-31.261,-31.011,-29.563,-35.009,-37.288,-32.723,-31.557,-26.446,-26.874,-25.264,-24.403,-28.584,-28.695,-24.590,-23.793,-27.427,-27.490
3.019952e+08,-0.764,-34.672,-0.844,-33.047,-31.171,-30.964,-29.501,-34.887,-37.140,-32.739,-31.538,-26.229,-26.654,-25.111,-24.262,-28.460,-28.550,-24.433,-23.648,-27.291,-27.337
3.090295e+08,-0.760,-34.498,-0.844,-32.951,-31.082,-30.915,-29.439,-34.759,-36.984,-32.753,-31.520,-26.012,-26.434,-24.955,-24.120,-28.335,-28.406,-24.273,-23.502,-27.156,-27.185
3.162278e+08,-0.756,-34.325,-0.844,-32.856,-30.993,-30.864,-29.377,-34.624,-36.822,-32.767,-31.502,-25.793,-26.213,-24.799,-23.978,-28.211,-28.262,-24.113,-23.356,-27.021,-27.032
3.235937e+08,-0.753,-34.152,-0.844,-32.761,-30.905,-30.810,-29.315,-34.483,-36.652,-32.780,-31.484,-25.573,-25.991,-24.640,-23.836,-28.088,-28.118,-23.951,-23.209,-26.886,-26.881
3.311311e+08,-0.749,-33.978,-0.843,-32.667,-30.818,-30.753,-29.253,-34.336,-36.476,-32.791,-31.466,-25.352,-25.768,-24.481,-23.693,-27.964,-27.974,-23.788,-23.063,-26.751,-26.729
3.388442e+08,-0.745,-33.805,-0.843,-32.574,-30.731,-30.693,-29.191,-34.183,-36.292,-32.802,-31.448,-25.130,-25.545,-24.320,-23.550,-27.841,-27.831,-23.623,-22.916,-26.617,-26.578
3.467369e+08,-0.741,-33.631,-0.843,-32.481,-30.645,-30.631,-29.129,-34.024,-36.103,-32.810,-31.430,-24.908,-25.321,-24.157,-23.407,-27.719,-27.688,-23.458,-22.768,-26.483,-26.426
3.548134e+08,-0.737,-33.457,-0.843,-32.390,-30.560,-30.567,-29.067,-33.858,-35.906,-32.818,-31.411,-24.684,-25.096,-23.994,-23.264,-27.596,-27.545,-23.291,-22.621,-26.349,-26.276
3.630781e+08,-0.733,-33.284,-0.842,-32.298,-30.475,-30.499,-29.005,-33.687,-35.704,-32.824,-31.393,-24.460,-24.871,-23.829,-23.120,-27.474,-27.402,-23.123,-22.473,-26.215,-26.125
3.715352e+08,-0.729,-33.110,-0.842,-32.208,-30.391,-30.429,-28.942,-33.510,-35.496,-32.828,-31.374,-24.235,-24.646,-23.663,-22.975,-27.352,-27.260,-22.954,-22.325,-26.081,-25.974
3.801894e+08,-0.725,-32.936,-0.842,-32.118,-30.307,-30.356,-28.880,-33.326,-35.282,-32.831,-31.354,-24.010,-24.420,-23.496,-22.831,-27.230,-27.118,-22.784,-22.176,-25.948,-25.824
3.890451e+08,-0.721,-32.762,-0.841,-32.029,-30.224,-30.281,-28.818,-33.138,-35.062,-32.832,-31.335,-23.784,-24.194,-23.328,-22.686,-27.109,-26.976,-22.614,-22.027,-25.815,-25.674
3.981072e+08,-0.717,-32.589,-0.841,-31.941,-30.142,-30.203,-28.756,-32.943,-34.838,-32.831,-31.314,-23.558,-23.967,-23.158,-22.541,-26.988,-26.835,-22.442,-21.878,-25.681,-25.524
4.073803e+08,-0.713,-32.415,-0.841,-31.853,-30.060,-30.122,-28.693,-32.744,-34.609,-32.828,-31.293,-23.331,-23.740,-22.988,-22.395,-26.867,-26.693,-22.269,-21.729,-25.548,-25.374
4.168694e+08,-0.709,-32.242,-0.840,-31.766,-29.979,-30.039,-28.631,-32.539,-34.375,-32.824,-31.272,-23.104,-23.514,-22.817,-22.249,-26.746,-26.552,-22.096,-21.579,-25.415,-25.224
4.265795e+08,-0.705,-32.068,-0.840,-31.680,-29.899,-29.953,-28.569,-32.329,-34.137,-32.817,-31.249,-22.877,-23.286,-22.645,-22.103,-26.626,-26.411,-21.922,-21.429,-25.283,-25.075
4.365158e+08,-0.701,-31.895,-0.839,-31.594,-29.818,-29.864,-28.506,-32.115,-33.895,-32.808,-31.226,-22.649,-23.059,-22.472,-21.957,-26.505,-26.271,-21.747,-21.278,-25.150,-24.926
4.466836e+08,-0.697,-31.721,-0.839,-31.509,-29.739,-29.772,-28.444,-31.896,-33.649,-32.797,-31.202,-22.422,-22.832,-22.298,-21.810,-26.385,-26.130,-21.571,-21.128,-25.017,-24.776
4.570882e+08,-0.693,-31.548,-0.838,-31.424,-29.660,-29.678,-28.381,-31.674,-33.400,-32.784,-31.176,-22.194,-22.605,-22.124,-21.663,-26.265,-25.989,-21.395,-20.977,-24.885,-24.627
4.677351e+08,-0.689,-31.375,-0.838,-31.341,-29.582,-29.582,-28.319,-31.447,-33.148,-32.768,-31.150,-21.966,-22.377,-21.949,-21.515,-26.145,-25.849,-21.218,-20.826,-24.752,-24.478
4.786301e+08,-0.685,-31.203,-0.837,-31.257,-29.504,-29.482,-28.256,-31.216,-32.893,-32.750,-31.122,-21.737,-22.150,-21.773,-21.368,-26.025,-25.709,-21.040,-20.674,-24.619,-24.329
4.897788e+08,-0.681,-31.030,-0.837,-31.175,-29.427,-29.381,-28.194,-30.982,-32.635,-32.729,-31.092,-21.509,-21.923,-21.596,-21.220,-25.906,-25.569,-20.862,-20.522,-24.487,-24.180
5.011872e+08,-0.677,-30.857,-0.837,-31.074,-29.333,-29.276,-28.117,-30.758,-32.395,-32.705,-31.052,-21.287,-21.702,-21.419,-21.065,-25.775,-25.418,-20.684,-20.364,-24.345,-24.022
5.128614e+08,-0.673,-30.685,-0.840,-30.807,-29.096,-29.170,-27.926,-30.638,-32.318,-32.679,-30.931,-21.113,-21.538,-21.241,-20.853,-25.547,-25.177,-20.504,-20.155,-24.121,-23.787
5.248075e+08,-0.669,-30.513,-0.844,-30.548,-28.864,-29.060,-27.737,-30.513,-32.233,-32.650,-30.810,-20.937,-21.370,-21.063,-20.644,-25.323,-24.940,-20.325,-19.947,-23.901,-23.557
5.370318e+08,-0.665,-30.341,-0.847,-30.295,-28.638,-28.949,-27.551,-30.382,-32.140,-32.617,-30.688,-20.759,-21.200,-20.884,-20.437,-25.104,-24.708,-20.144,-19.741,-23.685,-23.329
5.495409e+08,-0.661,-30.169,-0.850,-30.048,-28.418,-28.835,-27.367,-30.245,-32.039,-32.581,-30.566,-20.578,-21.028,-20.705,-20.233,-24.889,-24.479,-19.964,-19.537,-23.472,-23.106
5.623413e+08,-0.657,-29.997,-0.853,-29.807,-28.202,-28.718,-27.185,-30.103,-31.930,-32.542,-30.444,-20.396,-20.853,-20.525,-20.030,-24.677,-24.255,-19.783,-19.335,-23.263,-22.885
5.754399e+08,-0.653,-29.825,-0.856,-29.573,-27.991,-28.599,-27.006,-29.956,-31.812,-32.500,-30.321,-20.211,-20.675,-20.344,-19.829,-24.470,-24.034,-19.601,-19.135,-23.056,-22.668
5.888437e+08,-0.649,-29.654,-0.858,-29.343,-27.785,-28.478,-26.829,-29.803,-31.687,-32.453,-30.198,-20.024,-20.495,-20.163,-19.629,-24.265,-23.816,-19.419,-18.936,-22.853,-22.454
6.025596e+08,-0.645,-29.483,-0.861,-29.120,-27.584,-28.354,-26.655,-29.646,-31.555,-32.404,-30.075,-19.836,-20.313,-19.982,-19.432,-24.064,-23.602,-19.237,-18.739,-22.653,-22.242
6.165950e+08,-0.641,-29.312,-0.863,-28.901,-27.387,-28.229,-26.482,-29.483,-31.414,-32.350,-29.951,-19.645,-20.129,-19.800,-19.236,-23.867,-23.391,-19.055,-18.544,-22.455,-22.034
6.309573e+08,-0.637,-29.141,-0.865,-28.687,-27.194,-28.101,-26.312,-29.316,-31.266,-32.293,-29.828,-19.453,-19.942,-19.618,-19.041,-23.672,-23.183,-18.872,-18.350,-22.260,-21.828
6.456542e+08,-0.633,-28.970,-0.868,-28.478,-27.005,-27.971,-26.144,-29.144,-31.112,-32.231,-29.704,-19.259,-19.754,-19.436,-18.848,-23.481,-22.978,-18.689,-18.157,-22.067,-21.625
6.606934e+08,-0.629,-28.800,-0.869,-28.274,-26.819,-27.838,-25.978,-28.967,-30.950,-32.165,-29.580,-19.064,-19.564,-19.253,-18.657,-23.292,-22.776,-18.505,-17.966,-21.878,-21.424
6.760830e+08,-0.625,-28.630,-0.871,-28.074,-26.638,-27.704,-25.814,-28.786,-30.781,-32.095,-29.455,-18.867,-19.372,-19.070,-18.467,-23.106,-22.577,-18.322,-17.776,-21.690,-21.225
6.918310e+08,-0.621,-28.460,-0.873,-27.878,-26.460,-27.567,-25.651,-28.600,-30.605,-32.021,-29.331,-18.669,-19.178,-18.887,-18.278,-22.923,-22.381,-18.138,-17.588,-21.505,-21.029
7.079458e+08,-0.617,-28.290,-0.874,-27.686,-26.285,-27.429,-25.491,-28.411,-30.423,-31.942,-29.206,-18.470,-18.983,-18.703,-18.091,-22.742,-22.187,-17.954,-17.400,-21.322,-20.835
7.244360e+08,-0.613,-28.120,-0.876,-27.498,-26.113,-27.288,-25.332,-28.217,-30.235,-31.858,-29.080,-18.269,-18.786,-18.520,-17.904,-22.564,-21.995,-17.770,-17.214,-21.141,-20.644
7.413102e+08,-0.609,-27.950,-0.877,-27.314,-25.945,-27.146,-25.175,-28.019,-30.041,-31.769,-28.954,-18.067,-18.588,-18.335,-17.719,-22.388,-21.806,-17.585,-17.029,-20.962,-20.454
7.585776e+08,-0.604,-27.781,-0.878,-27.133,-25.780,-27.001,-25.019,-27.817,-29.841,-31.676,-28.827,-17.864,-18.388,-18.151,-17.535,-22.214,-21.619,-17.401,-16.845,-20.785,-20.266
7.762471e+08,-0.600,-27.612,-0.879,-26.956,-25.618,-26.855,-24.865,-27.611,-29.635,-31.578,-28.700,-17.660,-18.187,-17.967,-17.353,-22.042,-21.434,-17.216,-16.662,-20.610,-20.080
7.943282e+08,-0.596,-27.443,-0.880,-26.782,-25.458,-26.706,-24.712,-27.402,-29.425,-31.474,-28.572,-17.455,-17.985,-17.782,-17.171,-21.873,-21.251,-17.031,-16.480,-20.436,-19.896
8.128305e+08,-0.592,-27.274,-0.880,-26.611,-25.302,-26.556,-24.561,-27.190,-29.209,-31.365,-28.443,-17.250,-17.782,-17.597,-16.990,-21.706,-21.071,-16.846,-16.299,-20.265,-19.714
8.317638e+08,-0.588,-27.105,-0.881,-26.444,-25.148,-26.404,-24.411,-26.974,-28.988,-31.251,-28.313,-17.043,-17.578,-17.412,-16.810,-21.541,-20.892,-16.661,-16.119,-20.095,-19.534
8.511380e+08,-0.584,-26.937,-0.881,-26.280,-24.996,-26.249,-24.263,-26.755,-28.763,-31.131,-28.182,-16.836,-17.373,-17.227,-16.632,-21.377,-20.715,-16.476,-15.940,-19.927,-19.355
8.709636e+08,-0.580,-26.769,-0.881,-26.118,-24.847,-26.094,-24.116,-26.533,-28.534,-31.006,-28.049,-16.629,-17.167,-17.042,-16.454,-21.216,-20.540,-16.291,-15.761,-19.760,-19.178
8.912509e+08,-0.576,-26.601,-0.881,-25.960,-24.701,-25.936,-23.969,-26.309,-28.300,-30.875,-27.915,-16.420,-16.960,-16.856,-16.277,-21.056,-20.367,-16.106,-15.584,-19.596,-19.003
9.120108e+08,-0.580,-26.398,-0.881,-25.804,-24.557,-25.725,-23.824,-26.081,-28.063,-30.649,-27.780,-16.212,-16.753,-16.658,-16.100,-20.898,-20.196,-15.909,-15.407,-19.432,-18.829
9.332543e+08,-0.590,-26.169,-0.881,-25.650,-24.415,-25.476,-23.680,-25.851,-27.822,-30.354,-27.643,-16.003,-16.544,-16.451,-15.925,-20.742,-20.026,-15.704,-15.231,-19.270,-18.656
9.549926e+08,-0.600,-25.939,-0.881,-25.500,-24.275,-25.226,-23.537,-25.619,-27.577,-30.057,-27.504,-15.793,-16.335,-16.244,-15.750,-20.587,-19.858,-15.500,-15.056,-19.110,-18.485
9.772372e+08,-0.610,-25.708,-0.880,-25.352,-24.137,-24.975,-23.395,-25.384,-27.330,-29.756,-27.364,-15.583,-16.126,-16.036,-15.576,-20.435,-19.692,-15.295,-14.882,-18.950,-18.316
1.000000e+09,-0.620,-25.477,-0.880,-25.206,-24.002,-24.723,-23.253,-25.147,-27.079,-29.452,-27.221,-15.373,-15.916,-15.829,-15.403,-20.283,-19.527,-15.091,-14.708,-18.793,-18.147
1.023293e+09,-0.629,-25.246,-0.892,-24.908,-23.742,-24.471,-22.988,-24.967,-26.993,-29.145,-26.919,-15.190,-15.756,-15.622,-15.188,-20.062,-19.283,-14.887,-14.496,-18.578,-17.912
1.047129e+09,-0.639,-25.013,-0.905,-24.619,-23.489,-24.217,-22.728,-24.782,-26.896,-28.835,-26.621,-15.005,-15.592,-15.415,-14.975,-19.846,-19.043,-14.683,-14.287,-18.367,-17.681
1.071519e+09,-0.649,-24.781,-0.916,-24.340,-23.242,-23.963,-22.473,-24.592,-26.789,-28.521,-26.325,-14.818,-15.426,-15.208,-14.764,-19.634,-18.809,-14.479,-14.079,-18.160,-17.454
1.096478e+09,-0.659,-24.548,-0.928,-24.068,-23.003,-23.707,-22.223,-24.398,-26.672,-28.203,-26.032,-14.630,-15.258,-15.002,-14.555,-19.426,-18.580,-14.275,-13.874,-17.957,-17.232
1.122018e+09,-0.668,-24.315,-0.938,-23.805,-22.769,-23.450,-21.978,-24.200,-26.544,-27.881,-25.742,-14.441,-15.087,-14.795,-14.349,-19.223,-18.355,-14.072,-13.671,-17.757,-17.014
1.148154e+09,-0.678,-24.081,-0.949,-23.549,-22.541,-23.192,-21.736,-23.998,-26.407,-27.555,-25.454,-14.251,-14.913,-14.588,-14.145,-19.023,-18.135,-13.868,-13.470,-17.560,-16.799
1.174898e+09,-0.688,-23.848,-0.958,-23.300,-22.319,-22.933,-21.498,-23.792,-26.260,-27.225,-25.168,-14.059,-14.737,-14.382,-13.942,-18.828,-17.919,-13.665,-13.270,-17.367,-16.589
1.202264e+09,-0.697,-23.614,-0.968,-23.058,-22.102,-22.672,-21.264,-23.583,-26.103,-26.890,-24.884,-13.866,-14.559,-14.175,-13.742,-18.636,-17.708,-13.462,-13.073,-17.177,-16.382
1.230269e+09,-0.707,-23.381,-0.976,-22.823,-21.890,-22.410,-21.033,-23.370,-25.938,-26.550,-24.601,-13.673,-14.379,-13.969,-13.544,-18.448,-17.500,-13.259,-12.877,-16.990,-16.179
1.258925e+09,-0.716,-23.147,-0.984,-22.593,-21.683,-22.145,-20.806,-23.155,-25.764,-26.205,-24.319,-13.479,-14.197,-13.763,-13.347,-18.263,-17.296,-13.057,-12.684,-16.806,-15.979
1.288250e+09,-0.725,-22.913,-0.992,-22.369,-21.481,-21.880,-20.581,-22.937,-25.582,-25.855,-24.039,-13.284,-14.013,-13.557,-13.152,-18.082,-17.096,-12.854,-12.491,-16.625,-15.782
1.318257e+09,-0.735,-22.680,-0.999,-22.151,-21.282,-21.612,-20.358,-22.716,-25.391,-25.500,-23.759,-13.088,-13.828,-13.350,-12.959,-17.903,-16.900,-12.652,-12.301,-16.447,-15.588
1.348963e+09,-0.744,-22.446,-1.006,-21.938,-21.088,-21.342,-20.138,-22.493,-25.193,-25.139,-23.480,-12.892,-13.640,-13.144,-12.767,-17.729,-16.707,-12.450,-12.112,-16.272,-15.398
1.380384e+09,-0.753,-22.213,-1.012,-21.730,-20.898,-21.071,-19.920,-22.268,-24.988,-24.772,-23.201,-12.696,-13.452,-12.938,-12.577,-17.557,-16.518,-12.248,-11.924,-16.099,-15.211
1.412538e+09,-0.762,-21.979,-1.017,-21.526,-20.712,-20.797,-19.704,-22.041,-24.775,-24.400,-22.922,-12.499,-13.262,-12.733,-12.389,-17.388,-16.332,-12.046,-11.738,-15.929,-15.027
1.445440e+09,-0.771,-21.746,-1.022,-21.328,-20.530,-20.521,-19.490,-21.812,-24.556,-24.021,-22.643,-12.302,-13.071,-12.527,-12.202,-17.222,-16.149,-11.845,-11.554,-15.762,-14.845
1.479108e+09,-0.780,-21.513,-1.026,-21.133,-20.351,-20.243,-19.278,-21.581,-24.331,-23.635,-22.363,-12.105,-12.878,-12.321,-12.016,-17.059,-15.969,-11.644,-11.371,-15.597,-14.667
1.513561e+09,-0.789,-21.280,-1.030,-20.943,-20.175,-19.962,-19.067,-21.349,-24.100,-23.243,-22.083,-11.908,-12.685,-12.115,-11.831,-16.899,-15.792,-11.443,-11.189,-15.434,-14.491
1.548817e+09,-0.798,-21.048,-1.033,-20.757,-20.003,-19.678,-18.857,-21.115,-23.863,-22.845,-21.801,-11.711,-12.491,-11.910,-11.648,-16.742,-15.619,-11.242,-11.008,-15.274,-14.318
1.584893e+09,-0.806,-20.815,-1.036,-20.574,-19.834,-19.392,-18.648,-20.880,-23.621,-22.439,-21.519,-11.514,-12.296,-11.704,-11.467,-16.588,-15.448,-11.041,-10.829,-15.117,-14.147
1.621810e+09,-0.815,-20.583,-1.038,-20.396,-19.668,-19.102,-18.440,-20.644,-23.375,-22.025,-21.235,-11.317,-12.100,-11.499,-11.286,-16.436,-15.280,-10.841,-10.651,-14.961,-13.979
1.659587e+09,-0.823,-20.351,-1.040,-20.221,-19.505,-18.810,-18.233,-20.407,-23.124,-21.604,-20.949,-11.121,-11.903,-11.293,-11.107,-16.287,-15.115,-10.641,-10.475,-14.808,-13.814
1.698244e+09,-0.832,-20.119,-1.041,-20.049,-19.344,-18.514,-18.026,-20.169,-22.869,-21.175,-20.661,-10.925,-11.707,-11.088,-10.929,-16.140,-14.953,-10.441,-10.299,-14.657,-13.652
1.737801e+09,-0.840,-19.888,-1.041,-19.880,-19.187,-18.215,-17.820,-19.930,-22.610,-20.738,-20.371,-10.730,-11.510,-10.883,-10.752,-15.996,-14.794,-10.242,-10.125,-14.509,-13.492
1.778279e+09,-0.848,-19.656,-1.041,-19.715,-19.032,-17.913,-17.613,-19.691,-22.347,-20.292,-20.079,-10.535,-11.312,-10.678,-10.576,-15.854,-14.638,-10.043,-9.952,-14.362,-13.334
1.819701e+09,-0.856,-19.425,-1.041,-19.553,-18.880,-17.606,-17.407,-19.451,-22.082,-19.837,-19.784,-10.341,-11.115,-10.472,-10.401,-15.715,-14.484,-9.844,-9.780,-14.218,-13.179
1.862087e+09,-0.864,-19.195,-1.039,-19.393,-18.730,-17.296,-17.201,-19.210,-21.813,-19.373,-19.487,-10.148,-10.917,-10.267,-10.227,-15.578,-14.333,-9.645,-9.609,-14.076,-13.026
1.905461e+09,-0.873,-18.965,-1.038,-19.237,-18.582,-16.981,-16.994,-18.969,-21.542,-18.895,-19.186,-9.955,-10.720,-10.063,-10.055,-15.444,-14.184,-9.447,-9.440,-13.936,-12.876
1.949845e+09,-0.894,-18.736,-1.035,-19.083,-18.437,-16.658,-16.787,-18.728,-21.269,-18.381,-18.883,-9.764,-10.523,-9.862,-9.883,-15.312,-14.039,-9.253,-9.271,-13.798,-12.729
1.995262e+09,-0.915,-18.508,-1.033,-18.932,-18.294,-16.330,-16.579,-18.487,-20.993,-17.860,-18.576,-9.574,-10.326,-9.661,-9.712,-15.182,-13.896,-9.059,-9.103,-13.662,-12.583
2.041738e+09,-0.936,-18.280,-1.049,-18.665,-18.087,-15.999,-16.299,-18.239,-20.819,-17.332,-18.153,-9.386,-10.162,-9.460,-9.523,-15.030,-13.692,-8.866,-8.920,-13.510,-12.388
2.089296e+09,-0.956,-18.052,-1.067,-18.392,-17.877,-15.664,-16.012,-17.991,-20.646,-16.797,-17.717,-9.198,-10.000,-9.259,-9.334,-14.879,-13.487,-8.673,-8.737,-13.358,-12.191
2.137962e+09,-0.976,-17.825,-1.083,-18.127,-17.672,-15.323,-15.726,-17.742,-20.462,-16.254,-17.283,-9.012,-9.836,-9.059,-9.146,-14.731,-13.287,-8.480,-8.556,-13.209,-12.000
2.187762e+09,-0.996,-17.598,-1.098,-17.870,-17.470,-14.979,-15.440,-17.493,-20.268,-15.703,-16.849,-8.826,-9.670,-8.858,-8.960,-14.587,-13.094,-8.288,-8.376,-13.064,-11.813
2.238721e+09,-1.059,-17.448,-1.111,-17.620,-17.272,-14.703,-15.155,-17.245,-20.064,-15.184,-16.414,-8.642,-9.502,-8.702,-8.776,-14.447,-12.906,-8.137,-8.197,-12.922,-11.632
2.290868e+09,-1.136,-17.322,-1.124,-17.377,-17.077,-14.448,-14.869,-16.996,-19.850,-14.680,-15.979,-8.458,-9.333,-8.560,-8.592,-14.311,-12.723,-7.999,-8.021,-12.783,-11.456
2.344229e+09,-1.213,-17.194,-1.135,-17.141,-16.886,-14.191,-14.584,-16.748,-19.627,-14.181,-15.542,-8.276,-9.163,-8.420,-8.410,-14.178,-12.546,-7.863,-7.845,-12.648,-11.284
2.398833e+09,-1.289,-17.066,-1.145,-16.911,-16.699,-13.931,-14.298,-16.501,-19.397,-13.687,-15.104,-8.096,-8.991,-8.281,-8.230,-14.049,-12.374,-7.728,-7.672,-12.515,-11.117
2.454709e+09,-1.365,-16.936,-1.153,-16.686,-16.515,-13.668,-14.011,-16.254,-19.158,-13.198,-14.663,-7.917,-8.818,-8.143,-8.051,-13.923,-12.207,-7.595,-7.499,-12.386,-10.955
2.511886e+09,-1.440,-16.806,-1.160,-16.468,-16.334,-13.404,-13.723,-16.008,-18.913,-12.714,-14.220,-7.739,-8.645,-8.007,-7.873,-13.802,-12.045,-7.463,-7.329,-12.260,-10.797
2.570396e+09,-1.515,-16.676,-1.166,-16.254,-16.156,-13.137,-13.434,-15.763,-18.661,-12.236,-13.774,-7.563,-8.471,-7.873,-7.697,-13.684,-11.888,-7.334,-7.159,-12.138,-10.645
2.630268e+09,-1.590,-16.545,-1.170,-16.046,-15.981,-12.869,-13.144,-15.519,-18.404,-11.764,-13.325,-7.389,-8.297,-7.740,-7.522,-13.570,-11.737,-7.205,-6.992,-12.019,-10.496
2.691535e+09,-1.664,-16.413,-1.173,-15.842,-15.809,-12.598,-12.851,-15.276,-18.141,-11.299,-12.872,-7.217,-8.122,-7.609,-7.348,-13.459,-11.590,-7.079,-6.825,-11.903,-10.353
2.754229e+09,-1.737,-16.282,-1.175,-15.643,-15.640,-12.326,-12.557,-15.034,-17.873,-10.843,-12.415,-7.047,-7.948,-7.480,-7.175,-13.353,-11.449,-6.955,-6.660,-11.790,-10.214
2.818383e+09,-1.810,-16.151,-1.175,-15.449,-15.473,-12.053,-12.260,-14.793,-17.601,-10.396,-11.954,-6.879,-7.773,-7.353,-7.004,-13.250,-11.312,-6.833,-6.497,-11.681,-10.079
2.884032e+09,-1.883,-16.020,-1.174,-15.258,-15.309,-11.779,-11.960,-14.554,-17.325,-9.960,-11.489,-6.713,-7.599,-7.228,-6.833,-13.152,-11.181,-6.714,-6.334,-11.575,-9.949
2.951209e+09,-1.955,-15.889,-1.172,-15.072,-15.148,-11.504,-11.658,-14.316,-17.046,-9.535,-11.019,-6.549,-7.425,-7.106,-6.664,-13.057,-11.055,-6.597,-6.174,-11.473,-9.824
3.019952e+09,-2.026,-15.759,-1.175,-14.863,-14.982,-11.228,-11.345,-14.072,-16.779,-9.123,-10.532,-6.386,-7.258,-6.986,-6.496,-12.968,-10.918,-6.482,-6.014,-11.376,-9.691
3.090295e+09,-2.097,-15.629,-1.192,-14.594,-14.801,-10.952,-11.011,-13.812,-16.544,-8.727,-10.009,-6.219,-7.105,-6.869,-6.327,-12.887,-10.751,-6.371,-5.855,-11.287,-9.532
3.162278e+09,-2.168,-15.499,-1.208,-14.334,-14.623,-10.677,-10.674,-13.555,-16.299,-8.347,-9.486,-6.055,-6.950,-6.756,-6.160,-12.812,-10.590,-6.263,-5.698,-11.202,-9.380
3.235937e+09,-2.237,-15.371,-1.221,-14.081,-14.448,-10.403,-10.334,-13.300,-16.045,-7.985,-8.964,-5.894,-6.794,-6.645,-5.995,-12.741,-10.437,-6.157,-5.543,-11.121,-9.235
3.311311e+09,-2.306,-15.243,-1.233,-13.834,-14.275,-10.129,-9.991,-13.048,-15.783,-7.644,-8.443,-5.736,-6.637,-6.538,-5.830,-12.676,-10.292,-6.056,-5.388,-11.045,-9.096
3.388442e+09,-2.375,-15.116,-1.243,-13.595,-14.104,-9.858,-9.645,-12.799,-15.513,-7.324,-7.925,-5.581,-6.480,-6.435,-5.667,-12.615,-10.154,-5.958,-5.236,-10.973,-8.964
3.467369e+09,-2.443,-14.989,-1.251,-13.362,-13.936,-9.589,-9.296,-12.552,-15.237,-7.027,-7.410,-5.428,-6.323,-6.337,-5.504,-12.560,-10.023,-5.865,-5.084,-10.905,-8.839
3.548134e+09,-2.510,-14.864,-1.257,-13.135,-13.770,-9.324,-8.943,-12.309,-14.956,-6.755,-6.902,-5.279,-6.165,-6.243,-5.343,-12.511,-9.900,-5.776,-4.935,-10.843,-8.721
3.630781e+09,-2.636,-14.820,-1.261,-12.913,-13.606,-9.183,-8.588,-12.068,-14.669,-6.619,-6.403,-5.133,-6.008,-6.221,-5.184,-12.467,-9.785,-5.752,-4.786,-10.785,-8.609
3.715352e+09,-2.865,-14.913,-1.263,-12.697,-13.444,-9.251,-8.229,-11.830,-14.379,-6.681,-5.915,-4.990,-5.851,-6.323,-5.025,-12.430,-9.677,-5.837,-4.640,-10.733,-8.504
3.801894e+09,-3.097,-15.002,-1.264,-12.487,-13.285,-9.323,-7.867,-11.596,-14.085,-6.739,-5.442,-4.850,-5.695,-6.434,-4.867,-12.398,-9.577,-5.931,-4.494,-10.685,-8.407
3.890451e+09,-3.334,-15.088,-1.262,-12.281,-13.127,-9.400,-7.503,-11.364,-13.789,-6.795,-4.988,-4.714,-5.539,-6.555,-4.711,-12.373,-9.485,-6.034,-4.351,-10.643,-8.316
3.981072e+09,-3.576,-15.170,-1.258,-12.080,-12.971,-9.481,-7.137,-11.136,-13.490,-6.848,-4.557,-4.581,-5.385,-6.686,-4.556,-12.354,-9.402,-6.144,-4.208,-10.607,-8.233
4.073803e+09,-3.822,-15.247,-1.271,-11.833,-12.801,-9.567,-6.757,-10.892,-13.181,-6.897,-4.149,-4.445,-5.233,-6.827,-4.404,-12.355,-9.302,-6.263,-4.070,-10.587,-8.138
4.168694e+09,-4.073,-15.320,-1.286,-11.581,-12.628,-9.656,-6.374,-10.647,-12.865,-6.941,-3.780,-4.311,-5.081,-6.979,-4.254,-12.368,-9.205,-6.391,-3.935,-10.576,-8.046
4.265795e+09,-4.329,-15.387,-1.298,-11.336,-12.456,-9.749,-5.994,-10.406,-12.547,-6.982,-3.455,-4.181,-4.929,-7.140,-4.106,-12.389,-9.119,-6.526,-3.801,-10.573,-7.964
4.365158e+09,-4.592,-15.446,-1.308,-11.097,-12.287,-9.845,-5.618,-10.169,-12.226,-7.018,-3.177,-4.054,-4.779,-7.310,-3.959,-12.420,-9.044,-6.668,-3.670,-10.578,-7.891
4.466836e+09,-4.861,-15.499,-1.314,-10.865,-12.120,-9.944,-5.247,-9.936,-11.904,-7.050,-2.947,-3.932,-4.629,-7.488,-3.815,-12.461,-8.980,-6.817,-3.541,-10.591,-7.828
4.570882e+09,-5.136,-15.542,-1.319,-10.639,-11.954,-10.045,-4.884,-9.708,-11.582,-7.078,-2.767,-3.813,-4.481,-7.674,-3.673,-12.513,-8.927,-6.971,-3.415,-10.613,-7.775
4.677351e+09,-5.419,-15.576,-1.320,-10.419,-11.790,-10.148,-4.530,-9.484,-11.261,-7.101,-2.635,-3.697,-4.335,-7.866,-3.533,-12.576,-8.886,-7.129,-3.291,-10.644,-7.732
4.786301e+09,-5.709,-15.599,-1.319,-10.204,-11.628,-10.252,-4.190,-9.264,-10.941,-7.119,-2.548,-3.586,-4.191,-8.061,-3.397,-12.650,-8.858,-7.289,-3.171,-10.684,-7.701
4.897788e+09,-6.007,-15.609,-1.315,-9.994,-11.467,-10.358,-3.865,-9.048,-10.622,-7.133,-2.502,-3.478,-4.049,-8.259,-3.263,-12.736,-8.843,-7.449,-3.054,-10.734,-7.681
5.011872e+09,-6.312,-15.605,-1.316,-9.786,-11.304,-10.464,-3.561,-8.831,-10.297,-7.143,-2.500,-3.371,-3.907,-8.457,-3.136,-12.844,-8.845,-7.607,-2.945,-10.802,-7.677
5.128614e+09,-6.625,-15.586,-1.376,-9.558,-11.102,-10.571,-3.310,-8.559,-9.901,-7.148,-2.588,-3.250,-3.744,-8.650,-3.048,-13.057,-8.892,-7.760,-2.872,-10.950,-7.712
5.248075e+09,-6.946,-15.550,-1.431,-9.335,-10.900,-10.677,-3.096,-8.295,-9.515,-7.148,-2.696,-3.132,-3.586,-8.835,-2.971,-13.296,-8.957,-7.904,-2.811,-11.118,-7.763
5.370318e+09,-7.275,-15.497,-1.482,-9.117,-10.699,-10.783,-2.921,-8.038,-9.141,-7.144,-2.818,-3.020,-3.433,-9.009,-2.907,-13.564,-9.043,-8.037,-2.763,-11.307,-7.832
5.495409e+09,-7.611,-15.424,-1.527,-8.904,-10.498,-10.889,-2.786,-7.788,-8.777,-7.136,-2.949,-2.911,-3.286,-9.167,-2.860,-13.863,-9.152,-8.155,-2.731,-11.519,-7.921
5.623413e+09,-7.952,-15.331,-1.566,-8.696,-10.299,-10.994,-2.693,-7.544,-8.425,-7.123,-3.085,-2.807,-3.143,-9.305,-2.833,-14.196,-9.287,-8.255,-2.719,-11.756,-8.032
5.754399e+09,-8.298,-15.216,-1.600,-8.492,-10.100,-11.097,-2.640,-7.308,-8.083,-7.106,-3.221,-2.708,-3.006,-9.417,-2.830,-14.565,-9.450,-8.332,-2.730,-12.021,-8.168
5.888437e+09,-9.555,-13.929,-1.628,-8.293,-9.902,-10.471,-2.626,-7.078,-7.753,-6.874,-3.356,-2.612,-2.874,-10.084,-2.856,-14.971,-9.646,-8.934,-2.770,-12.314,-8.333
6.025596e+09,-10.873,-12.313,-1.656,-8.089,-9.698,-9.817,-2.654,-6.848,-7.411,-6.679,-3.492,-2.519,-2.741,-11.340,-2.926,-15.437,-9.899,-10.056,-2.852,-12.652,-8.546
6.165950e+09,-11.385,-10.979,-1.704,-7.850,-9.463,-9.483,-2.744,-6.595,-6.991,-6.594,-3.640,-2.419,-2.582,-12.901,-3.080,-16.049,-10.288,-11.396,-3.018,-13.096,-8.878
6.309573e+09,-11.072,-9.863,-1.743,-7.613,-9.229,-9.361,-2.864,-6.350,-6.595,-6.563,-3.778,-2.325,-2.433,-14.572,-3.300,-16.719,-10.744,-12.741,-3.250,-13.587,-9.267
6.456542e+09,-10.271,-8.915,-1.772,-7.381,-8.996,-9.373,-3.010,-6.113,-6.221,-6.556,-3.907,-2.234,-2.293,-15.891,-3.597,-17.435,-11.281,-13.708,-3.562,-14.127,-9.727
6.606934e+09,-9.316,-8.101,-1.792,-7.151,-8.763,-9.466,-3.176,-5.884,-5.869,-6.556,-4.025,-2.148,-2.162,-16.277,-3.985,-18.161,-11.915,-13.932,-3.971,-14.710,-10.272
6.760830e+09,-8.382,-7.392,-1.802,-6.925,-8.531,-9.607,-3.358,-5.662,-5.537,-6.554,-4.134,-2.066,-2.039,-15.667,-4.478,-18.821,-12.669,-13.439,-4.495,-15.318,-10.923
6.918310e+09,-7.534,-6.769,-1.802,-6.702,-8.300,-9.776,-3.552,-5.447,-5.224,-6.548,-4.233,-1.988,-1.925,-14.565,-5.087,-19.290,-13.574,-12.569,-5.150,-15.917,-11.709
7.079458e+09,-6.784,-6.218,-1.858,-6.496,-8.042,-9.960,-3.811,-5.196,-4.875,-6.535,-4.339,-1.900,-1.798,-13.393,-6.000,-19.510,-15.065,-11.615,-6.140,-16.595,-13.000
7.244360e+09,-6.127,-5.726,-1.966,-6.293,-7.751,-10.154,-4.123,-4.912,-4.500,-6.516,-4.448,-1.801,-1.663,-12.324,-7.273,-19.050,-17.424,-10.719,-7.543,-17.140,-15.104
7.413102e+09,-5.551,-5.285,-2.052,-6.077,-7.456,-10.351,-4.425,-4.639,-4.156,-6.490,-4.542,-1.708,-1.541,-11.394,-8.719,-17.803,-20.207,-9.922,-9.188,-17.103,-18.067
7.585776e+09,-5.046,-4.887,-2.116,-5.849,-7.157,-10.549,-4.716,-4.378,-3.841,-6.457,-4.622,-1.619,-1.430,-10.595,-10.291,-16.165,-21.772,-9.228,-11.030,-16.372,-22.445
7.762471e+09,-4.601,-4.526,-2.157,-5.612,-6.856,-10.748,-4.998,-4.127,-3.551,-6.419,-4.690,-1.535,-1.330,-9.907,-11.862,-14.458,-19.732,-8.625,-12.887,-15.125,-25.814
7.943282e+09,-4.206,-4.198,-2.173,-5.369,-6.553,-10.944,-5.269,-3.886,-3.284,-6.374,-4.748,-1.455,-1.239,-9.312,-13.177,-12.834,-16.463,-8.100,-14.299,-13.646,-21.064
8.128305e+09,-4.116,-4.208,-2.246,-5.087,-6.304,-11.036,-5.539,-3.672,-3.014,-6.305,-4.792,-1.386,-1.147,-8.953,-14.088,-11.273,-13.446,-7.788,-14.930,-12.039,-16.211
8.317638e+09,-4.125,-4.371,-2.337,-4.786,-6.077,-11.074,-5.801,-3.476,-2.755,-6.224,-4.826,-1.324,-1.060,-8.695,-14.319,-9.873,-11.004,-7.568,-14.559,-10.537,-12.798
8.511380e+09,-4.098,-4.547,-2.409,-4.482,-5.845,-11.102,-6.053,-3.289,-2.518,-6.141,-4.852,-1.266,-0.981,-8.456,-13.857,-8.646,-9.060,-7.366,-13.522,-9.206,-10.300
8.709636e+09,-4.020,-4.737,-2.459,-4.177,-5.610,-11.119,-6.296,-3.112,-2.300,-6.056,-4.871,-1.212,-0.909,-8.236,-13.016,-7.567,-7.482,-7.180,-12.318,-8.032,-8.371
8.912509e+09,-3.872,-4.940,-2.488,-3.872,-5.370,-11.124,-6.532,-2.942,-2.099,-5.969,-4.883,-1.162,-0.843,-8.029,-12.067,-6.616,-6.184,-7.006,-11.187,-6.999,-6.836
9.120108e+09,-3.631,-5.157,-2.528,-3.637,-5.064,-11.117,-6.798,-2.737,-1.920,-5.880,-4.896,-1.099,-0.787,-7.829,-11.122,-5.657,-4.992,-6.839,-10.154,-5.967,-5.452
9.332543e+09,-3.267,-5.384,-2.544,-3.411,-4.703,-11.102,-7.079,-2.509,-1.751,-5.792,-4.906,-1.028,-0.734,-7.628,-10.233,-4.746,-3.961,-6.669,-9.239,-4.993,-4.282
9.549926e+09,-2.750,-5.613,-2.505,-3.140,-4.334,-11.086,-7.348,-2.292,-1.585,-5.706,-4.909,-0.960,-0.683,-7.406,-9.446,-3.962,-3.142,-6.479,-8.463,-4.160,-3.373
9.772372e+09,-2.046,-5.829,-2.414,-2.834,-3.956,-11.083,-7.607,-2.083,-1.424,-5.625,-4.905,-0.896,-0.633,-7.134,-8.761,-3.290,-2.488,-6.241,-7.806,-3.450,-2.661
1.000000e+10,-1.124,-6.004,-2.272,-2.500,-3.572,-11.125,-7.856,-1.883,-1.266,-5.554,-4.894,-0.835,-0.584,-6.763,-8.169,-2.715,-1.964,-5.908,-7.246,-2.846,-2.098
