freq_Hz,A0_dB,A1_dB,B_dB,B_chart_dB,C1_dB,C1c_dB,C2_dB,C3_dB,C4_dB,B0_dB,B2_dB
1.000000e+06,-0.190,-0.190,-26.465,-26.465,-26.446,-26.446,-26.443,-26.435,-26.448,-9.584,-26.391
1.023293e+06,-0.190,-0.190,-26.484,-26.484,-26.465,-26.465,-26.462,-26.454,-26.466,-9.584,-26.409
1.047129e+06,-0.190,-0.190,-26.502,-26.502,-26.484,-26.484,-26.480,-26.472,-26.485,-9.583,-26.428
1.071519e+06,-0.190,-0.190,-26.521,-26.521,-26.502,-26.502,-26.499,-26.491,-26.504,-9.583,-26.446
1.096478e+06,-0.190,-0.190,-26.540,-26.540,-26.521,-26.521,-26.518,-26.509,-26.523,-9.583,-26.465
1.122018e+06,-0.190,-0.190,-26.559,-26.559,-26.540,-26.540,-26.537,-26.528,-26.541,-9.582,-26.483
1.148154e+06,-0.190,-0.190,-26.578,-26.578,-26.559,-26.559,-26.555,-26.547,-26.560,-9.582,-26.502
1.174898e+06,-0.190,-0.190,-26.597,-26.597,-26.578,-26.578,-26.574,-26.565,-26.579,-9.582,-26.521
1.202264e+06,-0.190,-0.190,-26.616,-26.616,-26.597,-26.597,-26.593,-26.584,-26.598,-9.581,-26.540
1.230269e+06,-0.190,-0.190,-26.635,-26.635,-26.616,-26.616,-26.612,-26.603,-26.617,-9.581,-26.558
1.258925e+06,-0.190,-0.190,-26.654,-26.654,-26.635,-26.635,-26.631,-26.622,-26.636,-9.581,-26.577
1.288250e+06,-0.190,-0.190,-26.673,-26.673,-26.654,-26.654,-26.650,-26.641,-26.655,-9.581,-26.596
1.318257e+06,-0.190,-0.190,-26.692,-26.692,-26.673,-26.673,-26.669,-26.660,-26.675,-9.580,-26.615
1.348963e+06,-0.190,-0.190,-26.711,-26.711,-26.692,-26.692,-26.689,-26.679,-26.694,-9.580,-26.634
1.380384e+06,-0.190,-0.190,-26.730,-26.730,-26.712,-26.712,-26.708,-26.698,-26.713,-9.580,-26.653
1.412538e+06,-0.190,-0.190,-26.750,-26.750,-26.731,-26.731,-26.727,-26.717,-26.732,-9.580,-26.672
1.445440e+06,-0.190,-0.190,-26.769,-26.769,-26.750,-26.750,-26.746,-26.736,-26.752,-9.579,-26.692
1.479108e+06,-0.190,-0.190,-26.788,-26.788,-26.770,-26.770,-26.766,-26.755,-26.771,-9.579,-26.711
1.513561e+06,-0.190,-0.190,-26.808,-26.808,-26.789,-26.789,-26.785,-26.775,-26.791,-9.579,-26.730
1.548817e+06,-0.190,-0.190,-26.827,-26.827,-26.809,-26.809,-26.804,-26.794,-26.810,-9.579,-26.749
1.584893e+06,-0.190,-0.190,-26.847,-26.847,-26.828,-26.828,-26.824,-26.813,-26.830,-9.579,-26.769
1.621810e+06,-0.190,-0.190,-26.866,-26.866,-26.848,-26.848,-26.843,-26.833,-26.849,-9.579,-26.788
1.659587e+06,-0.190,-0.190,-26.886,-26.886,-26.867,-26.867,-26.863,-26.852,-26.869,-9.578,-26.808
1.698244e+06,-0.190,-0.190,-26.906,-26.906,-26.887,-26.887,-26.883,-26.871,-26.889,-9.578,-26.827
1.737801e+06,-0.190,-0.190,-26.925,-26.925,-26.907,-26.907,-26.902,-26.891,-26.909,-9.578,-26.847
1.778279e+06,-0.190,-0.190,-26.945,-26.945,-26.927,-26.927,-26.922,-26.910,-26.928,-9.578,-26.866
1.819701e+06,-0.190,-0.190,-26.965,-26.965,-26.946,-26.946,-26.942,-26.930,-26.948,-9.578,-26.886
1.862087e+06,-0.190,-0.190,-26.985,-26.985,-26.966,-26.966,-26.962,-26.950,-26.968,-9.578,-26.906
1.905461e+06,-0.190,-0.190,-27.005,-27.005,-26.986,-26.986,-26.981,-26.969,-26.988,-9.578,-26.925
1.949845e+06,-0.190,-0.190,-27.025,-27.025,-27.006,-27.006,-27.001,-26.989,-27.008,-9.578,-26.945
1.995262e+06,-0.190,-0.190,-27.045,-27.045,-27.026,-27.026,-27.021,-27.009,-27.028,-9.577,-26.965
2.041738e+06,-0.190,-0.190,-27.065,-27.065,-27.046,-27.046,-27.041,-27.029,-27.048,-9.577,-26.985
2.089296e+06,-0.190,-0.190,-27.085,-27.085,-27.067,-27.067,-27.061,-27.049,-27.069,-9.577,-27.005
2.137962e+06,-0.190,-0.190,-27.105,-27.105,-27.087,-27.087,-27.082,-27.069,-27.089,-9.577,-27.025
2.187762e+06,-0.190,-0.190,-27.126,-27.126,-27.107,-27.107,-27.102,-27.089,-27.109,-9.577,-27.045
2.238721e+06,-0.190,-0.190,-27.146,-27.146,-27.127,-27.127,-27.122,-27.109,-27.129,-9.577,-27.065
2.290868e+06,-0.190,-0.190,-27.166,-27.166,-27.148,-27.148,-27.142,-27.129,-27.150,-9.577,-27.085
2.344229e+06,-0.190,-0.190,-27.187,-27.187,-27.168,-27.168,-27.162,-27.149,-27.170,-9.577,-27.105
2.398833e+06,-0.190,-0.190,-27.207,-27.207,-27.188,-27.188,-27.183,-27.169,-27.191,-9.577,-27.126
2.454709e+06,-0.190,-0.190,-27.228,-27.228,-27.209,-27.209,-27.203,-27.189,-27.211,-9.577,-27.146
2.511886e+06,-0.190,-0.190,-27.248,-27.248,-27.230,-27.230,-27.224,-27.209,-27.232,-9.577,-27.166
2.570396e+06,-0.190,-0.190,-27.269,-27.269,-27.250,-27.250,-27.244,-27.230,-27.252,-9.577,-27.187
2.630268e+06,-0.190,-0.190,-27.289,-27.289,-27.271,-27.271,-27.265,-27.250,-27.273,-9.577,-27.207
2.691535e+06,-0.190,-0.190,-27.310,-27.310,-27.292,-27.292,-27.285,-27.270,-27.294,-9.576,-27.228
2.754229e+06,-0.190,-0.190,-27.331,-27.331,-27.312,-27.312,-27.306,-27.291,-27.315,-9.576,-27.248
2.818383e+06,-0.190,-0.190,-27.352,-27.352,-27.333,-27.333,-27.327,-27.311,-27.336,-9.576,-27.269
2.884032e+06,-0.190,-0.190,-27.373,-27.373,-27.354,-27.354,-27.348,-27.332,-27.357,-9.576,-27.289
2.951209e+06,-0.190,-0.190,-27.394,-27.394,-27.375,-27.375,-27.368,-27.353,-27.378,-9.576,-27.310
3.019952e+06,-0.190,-0.190,-27.414,-27.414,-27.396,-27.396,-27.389,-27.373,-27.399,-9.576,-27.331
3.090295e+06,-0.190,-0.190,-27.436,-27.436,-27.417,-27.417,-27.410,-27.394,-27.420,-9.576,-27.352
3.162278e+06,-0.190,-0.190,-27.457,-27.457,-27.438,-27.438,-27.431,-27.415,-27.441,-9.576,-27.373
3.235937e+06,-0.190,-0.190,-27.478,-27.478,-27.459,-27.459,-27.452,-27.435,-27.462,-9.576,-27.394
3.311311e+06,-0.190,-0.190,-27.499,-27.499,-27.480,-27.480,-27.473,-27.456,-27.483,-9.576,-27.415
3.388442e+06,-0.190,-0.190,-27.520,-27.520,-27.502,-27.502,-27.494,-27.477,-27.505,-9.576,-27.436
3.467369e+06,-0.190,-0.190,-27.542,-27.542,-27.523,-27.523,-27.516,-27.498,-27.526,-9.576,-27.457
3.548134e+06,-0.190,-0.190,-27.563,-27.563,-27.544,-27.544,-27.537,-27.519,-27.547,-9.576,-27.478
3.630781e+06,-0.190,-0.190,-27.584,-27.584,-27.566,-27.566,-27.558,-27.540,-27.569,-9.576,-27.499
3.715352e+06,-0.190,-0.190,-27.606,-27.606,-27.587,-27.587,-27.579,-27.561,-27.590,-9.576,-27.520
3.801894e+06,-0.190,-0.190,-27.627,-27.627,-27.609,-27.609,-27.601,-27.582,-27.612,-9.576,-27.542
3.890451e+06,-0.190,-0.190,-27.649,-27.649,-27.631,-27.631,-27.622,-27.603,-27.634,-9.576,-27.563
3.981072e+06,-0.190,-0.190,-27.671,-27.671,-27.652,-27.652,-27.644,-27.625,-27.655,-9.576,-27.584
4.073803e+06,-0.190,-0.190,-27.692,-27.692,-27.674,-27.674,-27.665,-27.646,-27.677,-9.576,-27.606
4.168694e+06,-0.190,-0.190,-27.714,-27.714,-27.696,-27.696,-27.687,-27.667,-27.699,-9.576,-27.627
4.265795e+06,-0.190,-0.190,-27.736,-27.736,-27.718,-27.718,-27.709,-27.689,-27.721,-9.576,-27.649
4.365158e+06,-0.190,-0.190,-27.758,-27.758,-27.739,-27.739,-27.730,-27.710,-27.743,-9.576,-27.671
4.466836e+06,-0.190,-0.190,-27.780,-27.780,-27.761,-27.761,-27.752,-27.731,-27.765,-9.576,-27.692
4.570882e+06,-0.190,-0.190,-27.802,-27.802,-27.783,-27.783,-27.774,-27.753,-27.787,-9.576,-27.714
4.677351e+06,-0.190,-0.190,-27.824,-27.824,-27.806,-27.806,-27.796,-27.775,-27.809,-9.576,-27.736
4.786301e+06,-0.190,-0.190,-27.846,-27.846,-27.828,-27.828,-27.818,-27.796,-27.831,-9.576,-27.758
4.897788e+06,-0.190,-0.190,-27.868,-27.868,-27.850,-27.850,-27.840,-27.818,-27.854,-9.576,-27.780
5.011872e+06,-0.190,-0.190,-27.891,-27.891,-27.872,-27.872,-27.862,-27.840,-27.876,-9.576,-27.802
5.128614e+06,-0.190,-0.190,-27.913,-27.913,-27.894,-27.894,-27.884,-27.861,-27.898,-9.576,-27.824
5.248075e+06,-0.190,-0.190,-27.935,-27.935,-27.917,-27.917,-27.906,-27.883,-27.921,-9.576,-27.846
5.370318e+06,-0.190,-0.190,-27.958,-27.958,-27.939,-27.939,-27.928,-27.905,-27.943,-9.576,-27.868
5.495409e+06,-0.190,-0.190,-27.980,-27.980,-27.962,-27.962,-27.950,-27.927,-27.966,-9.576,-27.891
5.623413e+06,-0.190,-0.190,-28.003,-28.003,-27.984,-27.984,-27.973,-27.949,-27.989,-9.576,-27.913
5.754399e+06,-0.190,-0.190,-28.026,-28.026,-28.007,-28.007,-27.995,-27.971,-28.011,-9.575,-27.935
5.888437e+06,-0.190,-0.190,-28.048,-28.048,-28.030,-28.030,-28.017,-27.993,-28.034,-9.575,-27.958
6.025596e+06,-0.190,-0.190,-28.071,-28.071,-28.052,-28.052,-28.040,-28.015,-28.057,-9.575,-27.980
6.165950e+06,-0.190,-0.190,-28.094,-28.094,-28.075,-28.075,-28.062,-28.037,-28.080,-9.575,-28.003
6.309573e+06,-0.190,-0.190,-28.117,-28.117,-28.098,-28.098,-28.085,-28.059,-28.103,-9.575,-28.025
6.456542e+06,-0.190,-0.190,-28.140,-28.140,-28.121,-28.121,-28.108,-28.081,-28.126,-9.575,-28.048
6.606934e+06,-0.190,-0.190,-28.163,-28.163,-28.144,-28.144,-28.130,-28.104,-28.149,-9.575,-28.071
6.760830e+06,-0.190,-0.190,-28.186,-28.186,-28.167,-28.167,-28.153,-28.126,-28.172,-9.575,-28.093
6.918310e+06,-0.190,-0.190,-28.209,-28.209,-28.190,-28.190,-28.176,-28.148,-28.195,-9.575,-28.116
7.079458e+06,-0.190,-0.190,-28.232,-28.232,-28.214,-28.214,-28.199,-28.171,-28.219,-9.575,-28.139
7.244360e+06,-0.190,-0.190,-28.255,-28.255,-28.237,-28.237,-28.222,-28.193,-28.242,-9.575,-28.162
7.413102e+06,-0.190,-0.190,-28.279,-28.279,-28.260,-28.260,-28.244,-28.216,-28.265,-9.575,-28.185
7.585776e+06,-0.190,-0.190,-28.302,-28.302,-28.284,-28.284,-28.267,-28.238,-28.289,-9.575,-28.208
7.762471e+06,-0.190,-0.190,-28.326,-28.326,-28.307,-28.307,-28.290,-28.261,-28.312,-9.575,-28.231
7.943282e+06,-0.190,-0.190,-28.349,-28.349,-28.331,-28.331,-28.314,-28.283,-28.336,-9.575,-28.254
8.128305e+06,-0.190,-0.190,-28.373,-28.373,-28.354,-28.354,-28.337,-28.306,-28.360,-9.575,-28.278
8.317638e+06,-0.190,-0.190,-28.396,-28.396,-28.378,-28.378,-28.360,-28.329,-28.384,-9.575,-28.301
8.511380e+06,-0.190,-0.190,-28.420,-28.420,-28.402,-28.402,-28.383,-28.351,-28.407,-9.575,-28.324
8.709636e+06,-0.190,-0.190,-28.444,-28.444,-28.425,-28.425,-28.406,-28.374,-28.431,-9.575,-28.348
8.912509e+06,-0.190,-0.190,-28.468,-28.468,-28.449,-28.449,-28.430,-28.397,-28.455,-9.575,-28.371
9.120108e+06,-0.190,-0.190,-28.492,-28.492,-28.473,-28.473,-28.453,-28.420,-28.479,-9.575,-28.395
9.332543e+06,-0.190,-0.190,-28.516,-28.516,-28.497,-28.497,-28.476,-28.443,-28.504,-9.575,-28.419
9.549926e+06,-0.190,-0.190,-28.540,-28.540,-28.521,-28.521,-28.500,-28.465,-28.528,-9.575,-28.442
9.772372e+06,-0.190,-0.190,-28.564,-28.564,-28.545,-28.545,-28.523,-28.488,-28.552,-9.575,-28.466
1.000000e+07,-0.190,-0.190,-28.588,-28.588,-28.569,-28.569,-28.547,-28.511,-28.576,-9.575,-28.490
1.023293e+07,-0.190,-0.190,-28.612,-28.612,-28.594,-28.594,-28.570,-28.534,-28.601,-9.575,-28.514
1.047129e+07,-0.190,-0.190,-28.637,-28.637,-28.618,-28.618,-28.594,-28.557,-28.625,-9.575,-28.538
1.071519e+07,-0.190,-0.190,-28.661,-28.661,-28.642,-28.642,-28.618,-28.580,-28.650,-9.575,-28.562
1.096478e+07,-0.190,-0.190,-28.686,-28.686,-28.667,-28.667,-28.641,-28.603,-28.675,-9.575,-28.586
1.122018e+07,-0.190,-0.190,-28.710,-28.710,-28.691,-28.691,-28.665,-28.626,-28.699,-9.575,-28.610
1.148154e+07,-0.190,-0.190,-28.735,-28.735,-28.716,-28.716,-28.689,-28.650,-28.724,-9.575,-28.634
1.174898e+07,-0.190,-0.190,-28.760,-28.760,-28.741,-28.741,-28.713,-28.673,-28.749,-9.575,-28.658
1.202264e+07,-0.190,-0.190,-28.784,-28.784,-28.766,-28.766,-28.736,-28.696,-28.774,-9.575,-28.683
1.230269e+07,-0.190,-0.190,-28.809,-28.809,-28.790,-28.790,-28.760,-28.719,-28.799,-9.575,-28.707
1.258925e+07,-0.190,-0.190,-28.834,-28.834,-28.815,-28.815,-28.784,-28.742,-28.824,-9.575,-28.731
1.288250e+07,-0.190,-0.190,-28.859,-28.859,-28.840,-28.840,-28.808,-28.765,-28.849,-9.575,-28.756
1.318257e+07,-0.190,-0.190,-28.884,-28.884,-28.865,-28.865,-28.832,-28.788,-28.875,-9.575,-28.780
1.348963e+07,-0.190,-0.190,-28.909,-28.909,-28.890,-28.890,-28.856,-28.812,-28.900,-9.575,-28.805
1.380384e+07,-0.190,-0.190,-28.934,-28.934,-28.915,-28.915,-28.880,-28.835,-28.925,-9.575,-28.829
1.412538e+07,-0.190,-0.190,-28.960,-28.960,-28.941,-28.941,-28.904,-28.858,-28.951,-9.575,-28.854
1.445440e+07,-0.190,-0.190,-28.985,-28.985,-28.966,-28.966,-28.928,-28.881,-28.976,-9.575,-28.879
1.479108e+07,-0.190,-0.190,-29.010,-29.010,-28.991,-28.991,-28.952,-28.904,-29.002,-9.575,-28.904
1.513561e+07,-0.190,-0.190,-29.036,-29.036,-29.017,-29.017,-28.976,-28.927,-29.028,-9.575,-28.928
1.548817e+07,-0.190,-0.190,-29.061,-29.061,-29.042,-29.042,-29.000,-28.951,-29.054,-9.575,-28.953
1.584893e+07,-0.190,-0.190,-29.087,-29.087,-29.068,-29.068,-29.024,-28.974,-29.079,-9.575,-28.978
1.621810e+07,-0.190,-0.190,-29.113,-29.113,-29.093,-29.093,-29.048,-28.997,-29.105,-9.575,-29.003
1.659587e+07,-0.190,-0.190,-29.138,-29.138,-29.119,-29.119,-29.072,-29.020,-29.131,-9.575,-29.028
1.698244e+07,-0.190,-0.190,-29.164,-29.164,-29.145,-29.145,-29.096,-29.043,-29.158,-9.575,-29.053
1.737801e+07,-0.190,-0.190,-29.190,-29.190,-29.171,-29.171,-29.120,-29.066,-29.184,-9.575,-29.079
1.778279e+07,-0.190,-0.190,-29.216,-29.216,-29.197,-29.197,-29.144,-29.089,-29.210,-9.575,-29.104
1.819701e+07,-0.190,-0.190,-29.242,-29.242,-29.223,-29.223,-29.168,-29.112,-29.236,-9.575,-29.129
1.862087e+07,-0.190,-0.190,-29.268,-29.268,-29.249,-29.249,-29.192,-29.134,-29.263,-9.575,-29.154
1.905461e+07,-0.190,-0.190,-29.294,-29.294,-29.275,-29.275,-29.215,-29.157,-29.289,-9.575,-29.180
1.949845e+07,-0.190,-0.190,-29.321,-29.321,-29.301,-29.301,-29.239,-29.180,-29.316,-9.575,-29.205
1.995262e+07,-0.190,-0.190,-29.347,-29.347,-29.327,-29.327,-29.263,-29.203,-29.343,-9.575,-29.230
2.041738e+07,-0.190,-0.190,-29.373,-29.373,-29.354,-29.354,-29.287,-29.225,-29.370,-9.575,-29.256
2.089296e+07,-0.190,-0.190,-29.400,-29.400,-29.380,-29.380,-29.310,-29.248,-29.397,-9.575,-29.281
2.137962e+07,-0.190,-0.190,-29.426,-29.426,-29.406,-29.406,-29.334,-29.270,-29.423,-9.575,-29.307
2.187762e+07,-0.190,-0.190,-29.453,-29.453,-29.433,-29.433,-29.358,-29.292,-29.451,-9.575,-29.332
2.238721e+07,-0.190,-0.190,-29.479,-29.479,-29.459,-29.459,-29.381,-29.314,-29.478,-9.575,-29.358
2.290868e+07,-0.190,-0.190,-29.506,-29.506,-29.486,-29.486,-29.404,-29.336,-29.505,-9.575,-29.383
2.344229e+07,-0.190,-0.190,-29.533,-29.533,-29.513,-29.513,-29.428,-29.358,-29.532,-9.575,-29.409
2.398833e+07,-0.190,-0.190,-29.560,-29.560,-29.539,-29.539,-29.451,-29.380,-29.560,-9.575,-29.434
2.454709e+07,-0.190,-0.190,-29.586,-29.586,-29.566,-29.566,-29.474,-29.402,-29.587,-9.575,-29.460
2.511886e+07,-0.190,-0.190,-29.613,-29.613,-29.593,-29.593,-29.497,-29.423,-29.615,-9.575,-29.486
2.570396e+07,-0.190,-0.190,-29.640,-29.640,-29.620,-29.620,-29.520,-29.444,-29.642,-9.575,-29.511
2.630268e+07,-0.190,-0.190,-29.667,-29.667,-29.647,-29.647,-29.542,-29.465,-29.670,-9.575,-29.537
2.691535e+07,-0.190,-0.190,-29.695,-29.695,-29.674,-29.674,-29.565,-29.486,-29.698,-9.575,-29.563
2.754229e+07,-0.190,-0.190,-29.722,-29.722,-29.701,-29.701,-29.587,-29.507,-29.726,-9.575,-29.588
2.818383e+07,-0.190,-0.190,-29.749,-29.749,-29.728,-29.728,-29.610,-29.527,-29.754,-9.575,-29.614
2.884032e+07,-0.190,-0.190,-29.776,-29.776,-29.755,-29.755,-29.632,-29.547,-29.782,-9.575,-29.640
2.951209e+07,-0.190,-0.190,-29.804,-29.804,-29.783,-29.783,-29.653,-29.567,-29.810,-9.575,-29.665
3.019952e+07,-0.190,-0.190,-29.831,-29.831,-29.810,-29.810,-29.675,-29.587,-29.838,-9.575,-29.691
3.090295e+07,-0.190,-0.190,-29.858,-29.858,-29.837,-29.837,-29.696,-29.606,-29.867,-9.575,-29.716
3.162278e+07,-0.190,-0.190,-29.886,-29.886,-29.864,-29.864,-29.717,-29.625,-29.895,-9.575,-29.742
3.235937e+07,-0.190,-0.190,-29.913,-29.913,-29.892,-29.892,-29.738,-29.644,-29.924,-9.575,-29.767
3.311311e+07,-0.190,-0.190,-29.941,-29.941,-29.919,-29.919,-29.759,-29.662,-29.952,-9.575,-29.793
3.388442e+07,-0.190,-0.190,-29.969,-29.969,-29.947,-29.947,-29.779,-29.680,-29.981,-9.575,-29.818
3.467369e+07,-0.190,-0.190,-29.996,-29.996,-29.974,-29.974,-29.799,-29.698,-30.010,-9.575,-29.843
3.548134e+07,-0.190,-0.190,-30.024,-30.024,-30.002,-30.002,-29.819,-29.715,-30.038,-9.575,-29.869
3.630781e+07,-0.190,-0.190,-30.052,-30.052,-30.029,-30.029,-29.838,-29.732,-30.067,-9.575,-29.894
3.715352e+07,-0.190,-0.190,-30.079,-30.079,-30.057,-30.057,-29.857,-29.749,-30.096,-9.575,-29.919
3.801894e+07,-0.190,-0.190,-30.107,-30.107,-30.085,-30.085,-29.875,-29.764,-30.126,-9.575,-29.944
3.890451e+07,-0.190,-0.190,-30.135,-30.135,-30.112,-30.112,-29.893,-29.780,-30.155,-9.575,-29.969
3.981072e+07,-0.190,-0.190,-30.163,-30.163,-30.140,-30.140,-29.911,-29.795,-30.184,-9.575,-29.994
4.073803e+07,-0.190,-0.190,-30.191,-30.191,-30.167,-30.167,-29.928,-29.809,-30.214,-9.575,-30.018
4.168694e+07,-0.190,-0.190,-30.219,-30.219,-30.195,-30.195,-29.945,-29.823,-30.243,-9.575,-30.043
4.265795e+07,-0.190,-0.190,-30.247,-30.247,-30.223,-30.223,-29.961,-29.836,-30.273,-9.575,-30.067
4.365158e+07,-0.190,-0.190,-30.274,-30.274,-30.250,-30.250,-29.977,-29.848,-30.302,-9.575,-30.092
4.466836e+07,-0.190,-0.190,-30.302,-30.302,-30.278,-30.278,-29.992,-29.860,-30.332,-9.575,-30.116
4.570882e+07,-0.190,-0.190,-30.330,-30.330,-30.306,-30.306,-30.006,-29.871,-30.362,-9.575,-30.140
4.677351e+07,-0.191,-0.191,-30.358,-30.358,-30.333,-30.333,-30.020,-29.881,-30.392,-9.575,-30.163
4.786301e+07,-0.191,-0.191,-30.386,-30.386,-30.361,-30.361,-30.033,-29.891,-30.422,-9.575,-30.187
4.897788e+07,-0.191,-0.191,-30.414,-30.414,-30.388,-30.388,-30.045,-29.899,-30.452,-9.575,-30.210
5.011872e+07,-0.191,-0.191,-30.442,-30.442,-30.416,-30.416,-30.057,-29.907,-30.482,-9.575,-30.233
5.128614e+07,-0.191,-0.191,-30.470,-30.470,-30.443,-30.443,-30.068,-29.914,-30.512,-9.575,-30.256
5.248075e+07,-0.191,-0.191,-30.497,-30.497,-30.471,-30.471,-30.078,-29.920,-30.542,-9.575,-30.279
5.370318e+07,-0.191,-0.191,-30.525,-30.525,-30.498,-30.498,-30.087,-29.925,-30.573,-9.575,-30.301
5.495409e+07,-0.191,-0.191,-30.553,-30.553,-30.526,-30.526,-30.095,-29.929,-30.603,-9.575,-30.323
5.623413e+07,-0.191,-0.191,-30.580,-30.580,-30.553,-30.553,-30.102,-29.932,-30.634,-9.575,-30.345
5.754399e+07,-0.191,-0.191,-30.608,-30.608,-30.580,-30.580,-30.109,-29.933,-30.664,-9.575,-30.366
5.888437e+07,-0.191,-0.191,-30.636,-30.636,-30.607,-30.607,-30.114,-29.934,-30.695,-9.575,-30.387
6.025596e+07,-0.191,-0.191,-30.663,-30.663,-30.634,-30.634,-30.118,-29.933,-30.726,-9.575,-30.408
6.165950e+07,-0.191,-0.191,-30.690,-30.690,-30.661,-30.661,-30.121,-29.931,-30.757,-9.575,-30.428
6.309573e+07,-0.191,-0.191,-30.718,-30.718,-30.688,-30.688,-30.123,-29.928,-30.788,-9.575,-30.448
6.456542e+07,-0.191,-0.191,-30.745,-30.745,-30.714,-30.714,-30.124,-29.923,-30.819,-9.575,-30.467
6.606934e+07,-0.191,-0.191,-30.772,-30.772,-30.741,-30.741,-30.123,-29.917,-30.850,-9.575,-30.486
6.760830e+07,-0.191,-0.191,-30.799,-30.799,-30.767,-30.767,-30.121,-29.910,-30.881,-9.575,-30.504
6.918310e+07,-0.191,-0.191,-30.826,-30.826,-30.794,-30.794,-30.118,-29.901,-30.912,-9.575,-30.522
7.079458e+07,-0.191,-0.191,-30.852,-30.852,-30.820,-30.820,-30.113,-29.890,-30.943,-9.575,-30.539
7.244360e+07,-0.191,-0.191,-30.879,-30.879,-30.845,-30.845,-30.107,-29.878,-30.975,-9.575,-30.556
7.413102e+07,-0.191,-0.191,-30.905,-30.905,-30.871,-30.871,-30.099,-29.863,-31.006,-9.575,-30.572
7.585776e+07,-0.191,-0.191,-30.931,-30.931,-30.897,-30.897,-30.089,-29.848,-31.037,-9.575,-30.587
7.762471e+07,-0.191,-0.191,-30.957,-30.957,-30.922,-30.922,-30.078,-29.830,-31.069,-9.575,-30.602
7.943282e+07,-0.191,-0.191,-30.983,-30.983,-30.947,-30.947,-30.065,-29.811,-31.100,-9.575,-30.616
8.128305e+07,-0.191,-0.191,-31.009,-31.009,-30.971,-30.971,-30.051,-29.789,-31.132,-9.575,-30.629
8.317638e+07,-0.191,-0.191,-31.034,-31.034,-30.996,-30.996,-30.034,-29.766,-31.163,-9.575,-30.641
8.511380e+07,-0.191,-0.191,-31.059,-31.059,-31.020,-31.020,-30.016,-29.740,-31.195,-9.575,-30.653
8.709636e+07,-0.191,-0.191,-31.084,-31.084,-31.044,-31.044,-29.996,-29.713,-31.227,-9.575,-30.663
8.912509e+07,-0.192,-0.192,-31.108,-31.108,-31.067,-31.067,-29.973,-29.683,-31.258,-9.575,-30.673
9.120108e+07,-0.192,-0.192,-31.133,-31.133,-31.090,-31.090,-29.949,-29.651,-31.290,-9.575,-30.682
9.332543e+07,-0.192,-0.192,-31.156,-31.156,-31.113,-31.113,-29.922,-29.617,-31.322,-9.575,-30.690
9.549926e+07,-0.192,-0.192,-31.180,-31.180,-31.136,-31.136,-29.893,-29.580,-31.354,-9.575,-30.696
9.772372e+07,-0.192,-0.192,-31.203,-31.203,-31.158,-31.158,-29.862,-29.541,-31.385,-9.575,-30.702
1.000000e+08,-0.192,-0.192,-31.226,-31.226,-31.179,-31.179,-29.829,-29.500,-31.417,-9.574,-30.707
1.023293e+08,-0.192,-0.192,-31.248,-31.248,-31.200,-31.200,-29.793,-29.456,-31.449,-9.574,-30.710
1.047129e+08,-0.192,-0.192,-31.270,-31.270,-31.221,-31.221,-29.755,-29.410,-31.481,-9.574,-30.712
1.071519e+08,-0.192,-0.192,-31.291,-31.291,-31.241,-31.241,-29.714,-29.361,-31.513,-9.574,-30.713
1.096478e+08,-0.192,-0.192,-31.312,-31.312,-31.260,-31.260,-29.671,-29.309,-31.544,-9.574,-30.712
1.122018e+08,-0.192,-0.192,-31.333,-31.333,-31.279,-31.279,-29.626,-29.255,-31.576,-9.574,-30.710
1.148154e+08,-0.192,-0.192,-31.353,-31.353,-31.297,-31.297,-29.577,-29.198,-31.608,-9.574,-30.706
1.174898e+08,-0.193,-0.193,-31.372,-31.372,-31.315,-31.315,-29.526,-29.139,-31.639,-9.574,-30.701
1.202264e+08,-0.193,-0.193,-31.391,-31.391,-31.332,-31.332,-29.473,-29.076,-31.671,-9.574,-30.695
1.230269e+08,-0.193,-0.193,-31.409,-31.409,-31.348,-31.348,-29.416,-29.011,-31.703,-9.574,-30.687
1.258925e+08,-0.193,-0.193,-31.426,-31.426,-31.363,-31.363,-29.357,-28.943,-31.734,-9.574,-30.677
1.288250e+08,-0.193,-0.193,-31.443,-31.443,-31.378,-31.378,-29.295,-28.873,-31.766,-9.574,-30.665
1.318257e+08,-0.193,-0.193,-31.459,-31.459,-31.392,-31.392,-29.230,-28.799,-31.797,-9.574,-30.652
1.348963e+08,-0.193,-0.193,-31.474,-31.474,-31.405,-31.405,-29.163,-28.723,-31.828,-9.574,-30.636
1.380384e+08,-0.193,-0.193,-31.488,-31.488,-31.417,-31.417,-29.093,-28.644,-31.859,-9.574,-30.619
1.412538e+08,-0.194,-0.194,-31.502,-31.502,-31.429,-31.429,-29.019,-28.562,-31.890,-9.574,-30.600
1.445440e+08,-0.194,-0.194,-31.515,-31.515,-31.439,-31.439,-28.943,-28.477,-31.921,-9.574,-30.579
1.479108e+08,-0.194,-0.194,-31.526,-31.526,-31.448,-31.448,-28.864,-28.389,-31.952,-9.574,-30.556
1.513561e+08,-0.194,-0.194,-31.537,-31.537,-31.456,-31.456,-28.782,-28.299,-31.983,-9.573,-30.530
1.548817e+08,-0.194,-0.194,-31.547,-31.547,-31.463,-31.463,-28.697,-28.206,-32.013,-9.573,-30.502
1.584893e+08,-0.195,-0.195,-31.556,-31.556,-31.469,-31.469,-28.610,-28.110,-32.044,-9.573,-30.473
1.621810e+08,-0.195,-0.195,-31.563,-31.563,-31.474,-31.474,-28.519,-28.011,-32.074,-9.573,-30.440
1.659587e+08,-0.195,-0.195,-31.570,-31.570,-31.477,-31.477,-28.426,-27.909,-32.104,-9.573,-30.406
1.698244e+08,-0.195,-0.195,-31.575,-31.575,-31.480,-31.480,-28.329,-27.805,-32.134,-9.573,-30.369
1.737801e+08,-0.195,-0.195,-31.579,-31.579,-31.480,-31.480,-28.230,-27.698,-32.163,-9.573,-30.330
1.778279e+08,-0.196,-0.196,-31.582,-31.582,-31.480,-31.480,-28.129,-27.588,-32.192,-9.573,-30.288
1.819701e+08,-0.196,-0.196,-31.584,-31.584,-31.478,-31.478,-28.024,-27.476,-32.221,-9.573,-30.243
1.862087e+08,-0.196,-0.196,-31.584,-31.584,-31.474,-31.474,-27.917,-27.361,-32.250,-9.573,-30.196
1.905461e+08,-0.197,-0.197,-31.583,-31.583,-31.469,-31.469,-27.806,-27.243,-32.278,-9.572,-30.147
1.949845e+08,-0.197,-0.197,-31.580,-31.580,-31.463,-31.463,-27.694,-27.123,-32.306,-9.572,-30.095
1.995262e+08,-0.197,-0.197,-31.576,-31.576,-31.454,-31.454,-27.578,-27.000,-32.334,-9.572,-30.040
2.041738e+08,-0.198,-0.198,-31.570,-31.570,-31.444,-31.444,-27.460,-26.875,-32.361,-9.572,-29.982
2.089296e+08,-0.198,-0.198,-31.562,-31.562,-31.433,-31.433,-27.340,-26.748,-32.388,-9.572,-29.922
2.137962e+08,-0.198,-0.198,-31.553,-31.553,-31.419,-31.419,-27.217,-26.618,-32.415,-9.572,-29.858
2.187762e+08,-0.199,-0.199,-31.542,-31.542,-31.404,-31.404,-27.092,-26.487,-32.441,-9.572,-29.792
2.238721e+08,-0.199,-0.199,-31.529,-31.529,-31.386,-31.386,-26.964,-26.352,-32.466,-9.571,-29.724
2.290868e+08,-0.199,-0.199,-31.515,-31.515,-31.367,-31.367,-26.834,-26.216,-32.491,-9.571,-29.652
2.344229e+08,-0.200,-0.200,-31.498,-31.498,-31.346,-31.346,-26.701,-26.078,-32.516,-9.571,-29.578
2.398833e+08,-0.200,-0.200,-31.480,-31.480,-31.322,-31.322,-26.567,-25.937,-32.540,-9.571,-29.501
2.454709e+08,-0.201,-0.201,-31.459,-31.459,-31.297,-31.297,-26.430,-25.795,-32.563,-9.571,-29.420
2.511886e+08,-0.201,-0.201,-31.437,-31.437,-31.269,-31.269,-26.291,-25.650,-32.586,-9.570,-29.338
2.570396e+08,-0.202,-0.202,-31.412,-31.412,-31.239,-31.239,-26.150,-25.504,-32.608,-9.570,-29.252
2.630268e+08,-0.202,-0.202,-31.386,-31.386,-31.207,-31.207,-26.007,-25.356,-32.629,-9.570,-29.164
2.691535e+08,-0.203,-0.203,-31.357,-31.357,-31.173,-31.173,-25.862,-25.206,-32.649,-9.570,-29.072
2.754229e+08,-0.204,-0.204,-31.326,-31.326,-31.136,-31.136,-25.715,-25.055,-32.669,-9.569,-28.978
2.818383e+08,-0.204,-0.204,-31.292,-31.292,-31.097,-31.097,-25.567,-24.901,-32.688,-9.569,-28.882
2.884032e+08,-0.205,-0.205,-31.256,-31.256,-31.055,-31.055,-25.416,-24.747,-32.706,-9.569,-28.782
2.951209e+08,-0.206,-0.206,-31.218,-31.218,-31.011,-31.011,-25.264,-24.590,-32.723,-9.569,-28.680
3.019952e+08,-0.206,-0.206,-31.178,-31.178,-30.964,-30.964,-25.111,-24.433,-32.739,-9.568,-28.575
3.090295e+08,-0.207,-0.207,-31.135,-31.135,-30.915,-30.915,-24.955,-24.273,-32.753,-9.568,-28.468
3.162278e+08,-0.208,-0.208,-31.089,-31.089,-30.864,-30.864,-24.799,-24.113,-32.767,-9.568,-28.357
3.235937e+08,-0.209,-0.209,-31.041,-31.041,-30.810,-30.810,-24.640,-23.951,-32.780,-9.567,-28.245
3.311311e+08,-0.210,-0.210,-30.991,-30.991,-30.753,-30.753,-24.481,-23.788,-32.791,-9.567,-28.130
3.388442e+08,-0.211,-0.211,-30.938,-30.938,-30.693,-30.693,-24.320,-23.623,-32.802,-9.566,-28.012
3.467369e+08,-0.212,-0.212,-30.882,-30.882,-30.631,-30.631,-24.157,-23.458,-32.810,-9.566,-27.892
3.548134e+08,-0.212,-0.212,-30.823,-30.823,-30.567,-30.567,-23.994,-23.291,-32.818,-9.566,-27.770
3.630781e+08,-0.214,-0.214,-30.762,-30.762,-30.499,-30.499,-23.829,-23.123,-32.824,-9.565,-27.645
3.715352e+08,-0.215,-0.215,-30.699,-30.699,-30.429,-30.429,-23.663,-22.954,-32.828,-9.565,-27.518
3.801894e+08,-0.216,-0.216,-30.632,-30.632,-30.356,-30.356,-23.496,-22.784,-32.831,-9.564,-27.389
3.890451e+08,-0.217,-0.217,-30.563,-30.563,-30.281,-30.281,-23.328,-22.614,-32.832,-9.564,-27.257
3.981072e+08,-0.218,-0.218,-30.492,-30.492,-30.203,-30.203,-23.158,-22.442,-32.831,-9.563,-27.124
4.073803e+08,-0.220,-0.220,-30.417,-30.417,-30.122,-30.122,-22.988,-22.269,-32.828,-9.563,-26.988
4.168694e+08,-0.221,-0.221,-30.340,-30.340,-30.039,-30.039,-22.817,-22.096,-32.824,-9.562,-26.850
4.265795e+08,-0.222,-0.222,-30.260,-30.260,-29.953,-29.953,-22.645,-21.922,-32.817,-9.561,-26.711
4.365158e+08,-0.224,-0.224,-30.178,-30.178,-29.864,-29.864,-22.472,-21.747,-32.808,-9.561,-26.569
4.466836e+08,-0.226,-0.226,-30.093,-30.093,-29.772,-29.772,-22.298,-21.571,-32.797,-9.560,-26.426
4.570882e+08,-0.227,-0.227,-30.005,-30.005,-29.678,-29.678,-22.124,-21.395,-32.784,-9.559,-26.280
4.677351e+08,-0.229,-0.229,-29.914,-29.914,-29.582,-29.582,-21.949,-21.218,-32.768,-9.559,-26.133
4.786301e+08,-0.231,-0.231,-29.821,-29.821,-29.482,-29.482,-21.773,-21.040,-32.750,-9.558,-25.985
4.897788e+08,-0.233,-0.233,-29.725,-29.725,-29.381,-29.381,-21.596,-20.862,-32.729,-9.557,-25.834
5.011872e+08,-0.235,-0.235,-29.626,-29.626,-29.276,-29.276,-21.419,-20.684,-32.705,-9.556,-25.682
5.128614e+08,-0.237,-0.237,-29.525,-29.525,-29.170,-29.170,-21.241,-20.504,-32.679,-9.555,-25.529
5.248075e+08,-0.239,-0.239,-29.421,-29.421,-29.060,-29.060,-21.063,-20.325,-32.650,-9.554,-25.374
5.370318e+08,-0.241,-0.241,-29.315,-29.315,-28.949,-28.949,-20.884,-20.144,-32.617,-9.553,-25.217
5.495409e+08,-0.244,-0.244,-29.206,-29.206,-28.835,-28.835,-20.705,-19.964,-32.581,-9.552,-25.059
5.623413e+08,-0.246,-0.246,-29.095,-29.095,-28.718,-28.718,-20.525,-19.783,-32.542,-9.551,-24.900
5.754399e+08,-0.249,-0.249,-28.981,-28.981,-28.599,-28.599,-20.344,-19.601,-32.500,-9.550,-24.740
5.888437e+08,-0.252,-0.252,-28.864,-28.864,-28.478,-28.478,-20.163,-19.419,-32.453,-9.549,-24.578
6.025596e+08,-0.255,-0.255,-28.745,-28.745,-28.354,-28.354,-19.982,-19.237,-32.404,-9.548,-24.415
6.165950e+08,-0.258,-0.258,-28.624,-28.624,-28.229,-28.229,-19.800,-19.055,-32.350,-9.546,-24.250
6.309573e+08,-0.261,-0.261,-28.500,-28.500,-28.101,-28.101,-19.618,-18.872,-32.293,-9.545,-24.085
6.456542e+08,-0.264,-0.264,-28.374,-28.374,-27.971,-27.971,-19.436,-18.689,-32.231,-9.544,-23.918
6.606934e+08,-0.267,-0.267,-28.246,-28.246,-27.838,-27.838,-19.253,-18.505,-32.165,-9.542,-23.750
6.760830e+08,-0.271,-0.271,-28.115,-28.115,-27.704,-27.704,-19.070,-18.322,-32.095,-9.541,-23.581
6.918310e+08,-0.275,-0.275,-27.982,-27.982,-27.567,-27.567,-18.887,-18.138,-32.021,-9.539,-23.411
7.079458e+08,-0.279,-0.279,-27.846,-27.846,-27.429,-27.429,-18.703,-17.954,-31.942,-9.537,-23.241
7.244360e+08,-0.283,-0.283,-27.709,-27.709,-27.288,-27.288,-18.520,-17.770,-31.858,-9.536,-23.069
7.413102e+08,-0.287,-0.287,-27.569,-27.569,-27.146,-27.146,-18.335,-17.585,-31.769,-9.534,-22.896
7.585776e+08,-0.292,-0.292,-27.427,-27.427,-27.001,-27.001,-18.151,-17.401,-31.676,-9.532,-22.722
7.762471e+08,-0.297,-0.297,-27.283,-27.283,-26.855,-26.855,-17.967,-17.216,-31.578,-9.530,-22.547
7.943282e+08,-0.302,-0.302,-27.137,-27.137,-26.706,-26.706,-17.782,-17.031,-31.474,-9.528,-22.372
8.128305e+08,-0.307,-0.307,-26.988,-26.988,-26.556,-26.556,-17.597,-16.846,-31.365,-9.526,-22.195
8.317638e+08,-0.312,-0.312,-26.837,-26.837,-26.404,-26.404,-17.412,-16.661,-31.251,-9.523,-22.018
8.511380e+08,-0.318,-0.318,-26.685,-26.685,-26.249,-26.249,-17.227,-16.476,-31.131,-9.521,-21.840
8.709636e+08,-0.324,-0.324,-26.530,-26.530,-26.094,-26.094,-17.042,-16.291,-31.006,-9.519,-21.661
8.912509e+08,-0.330,-0.330,-26.373,-26.373,-25.936,-25.936,-16.856,-16.106,-30.875,-9.516,-21.481
9.120108e+08,-0.337,-0.337,-26.158,-26.158,-25.725,-25.725,-16.658,-15.909,-30.649,-9.513,-21.274
9.332543e+08,-0.344,-0.344,-25.902,-25.902,-25.476,-25.476,-16.451,-15.704,-30.354,-9.510,-21.047
9.549926e+08,-0.351,-0.351,-25.646,-25.646,-25.226,-25.226,-16.244,-15.500,-30.057,-9.508,-20.820
9.772372e+08,-0.358,-0.358,-25.388,-25.388,-24.975,-24.975,-16.036,-15.295,-29.756,-9.504,-20.593
1.000000e+09,-0.366,-0.366,-25.129,-25.129,-24.723,-24.723,-15.829,-15.091,-29.452,-9.501,-20.365
1.023293e+09,-0.374,-0.374,-24.870,-24.870,-24.471,-24.471,-15.622,-14.887,-29.145,-9.498,-20.137
1.047129e+09,-0.383,-0.383,-24.609,-24.609,-24.217,-24.217,-15.415,-14.683,-28.835,-9.494,-19.908
1.071519e+09,-0.392,-0.392,-24.347,-24.347,-23.963,-23.963,-15.208,-14.479,-28.521,-9.491,-19.679
1.096478e+09,-0.401,-0.401,-24.083,-24.083,-23.707,-23.707,-15.002,-14.275,-28.203,-9.487,-19.449
1.122018e+09,-0.411,-0.411,-23.819,-23.819,-23.450,-23.450,-14.795,-14.072,-27.881,-9.483,-19.219
1.148154e+09,-0.422,-0.422,-23.552,-23.552,-23.192,-23.192,-14.588,-13.868,-27.555,-9.479,-18.988
1.174898e+09,-0.432,-0.432,-23.284,-23.284,-22.933,-22.933,-14.382,-13.665,-27.225,-9.475,-18.757
1.202264e+09,-0.444,-0.444,-23.014,-23.014,-22.672,-22.672,-14.175,-13.462,-26.890,-9.470,-18.525
1.230269e+09,-0.455,-0.455,-22.743,-22.743,-22.410,-22.410,-13.969,-13.259,-26.550,-9.465,-18.292
1.258925e+09,-0.468,-0.468,-22.469,-22.469,-22.145,-22.145,-13.763,-13.057,-26.205,-9.461,-18.058
1.288250e+09,-0.481,-0.481,-22.194,-22.194,-21.880,-21.880,-13.557,-12.854,-25.855,-9.455,-17.823
1.318257e+09,-0.494,-0.494,-21.916,-21.916,-21.612,-21.612,-13.350,-12.652,-25.500,-9.450,-17.588
1.348963e+09,-0.508,-0.508,-21.636,-21.636,-21.342,-21.342,-13.144,-12.450,-25.139,-9.445,-17.352
1.380384e+09,-0.523,-0.523,-21.354,-21.354,-21.071,-21.071,-12.938,-12.248,-24.772,-9.439,-17.115
1.412538e+09,-0.538,-0.538,-21.069,-21.069,-20.797,-20.797,-12.733,-12.046,-24.400,-9.433,-16.876
1.445440e+09,-0.555,-0.555,-20.782,-20.782,-20.521,-20.521,-12.527,-11.845,-24.021,-9.427,-16.637
1.479108e+09,-0.571,-0.571,-20.491,-20.491,-20.243,-20.243,-12.321,-11.644,-23.635,-9.420,-16.397
1.513561e+09,-0.589,-0.589,-20.198,-20.198,-19.962,-19.962,-12.115,-11.443,-23.243,-9.414,-16.155
1.548817e+09,-0.607,-0.607,-19.902,-19.902,-19.678,-19.678,-11.910,-11.242,-22.845,-9.407,-15.912
1.584893e+09,-0.627,-0.627,-19.602,-19.602,-19.392,-19.392,-11.704,-11.041,-22.439,-9.400,-15.668
1.621810e+09,-0.647,-0.647,-19.299,-19.299,-19.102,-19.102,-11.499,-10.841,-22.025,-9.392,-15.423
1.659587e+09,-0.668,-0.668,-18.993,-18.993,-18.810,-18.810,-11.293,-10.641,-21.604,-9.384,-15.176
1.698244e+09,-0.690,-0.690,-18.682,-18.682,-18.514,-18.514,-11.088,-10.441,-21.175,-9.376,-14.928
1.737801e+09,-0.713,-0.713,-18.368,-18.368,-18.215,-18.215,-10.883,-10.242,-20.738,-9.368,-14.678
1.778279e+09,-0.737,-0.737,-18.049,-18.049,-17.913,-17.913,-10.678,-10.043,-20.292,-9.359,-14.427
1.819701e+09,-0.762,-0.762,-17.727,-17.727,-17.606,-17.606,-10.472,-9.844,-19.837,-9.350,-14.173
1.862087e+09,-0.789,-0.789,-17.399,-17.399,-17.296,-17.296,-10.267,-9.645,-19.373,-9.341,-13.918
1.905461e+09,-0.816,-0.816,-17.066,-17.066,-16.981,-16.981,-10.063,-9.447,-18.895,-9.331,-13.661
1.949845e+09,-0.845,-0.845,-16.723,-16.723,-16.658,-16.658,-9.862,-9.253,-18.381,-9.321,-13.404
1.995262e+09,-0.875,-0.875,-16.376,-16.376,-16.330,-16.330,-9.661,-9.059,-17.860,-9.311,-13.144
2.041738e+09,-0.907,-0.907,-16.024,-16.024,-15.999,-15.999,-9.460,-8.866,-17.332,-9.300,-12.883
2.089296e+09,-0.939,-0.939,-15.667,-15.667,-15.664,-15.664,-9.259,-8.673,-16.797,-9.289,-12.619
2.137962e+09,-0.974,-0.974,-15.304,-15.304,-15.323,-15.323,-9.059,-8.480,-16.254,-9.278,-12.354
2.187762e+09,-1.010,-1.010,-14.937,-14.937,-14.979,-14.979,-8.858,-8.288,-15.703,-9.266,-12.086
2.238721e+09,-1.047,-1.047,-14.639,-14.639,-14.703,-14.703,-8.702,-8.137,-15.184,-9.254,-11.873
2.290868e+09,-1.086,-1.086,-14.362,-14.362,-14.448,-14.448,-8.560,-7.999,-14.680,-9.241,-11.678
2.344229e+09,-1.127,-1.127,-14.082,-14.082,-14.191,-14.191,-8.420,-7.863,-14.181,-9.228,-11.482
2.398833e+09,-1.170,-1.170,-13.799,-13.799,-13.931,-13.931,-8.281,-7.728,-13.687,-9.215,-11.285
2.454709e+09,-1.215,-1.215,-13.514,-13.514,-13.668,-13.668,-8.143,-7.595,-13.198,-9.201,-11.087
2.511886e+09,-1.261,-1.261,-13.226,-13.226,-13.404,-13.404,-8.007,-7.463,-12.714,-9.187,-10.888
2.570396e+09,-1.310,-1.310,-12.936,-12.936,-13.137,-13.137,-7.873,-7.334,-12.236,-9.173,-10.688
2.630268e+09,-1.361,-1.361,-12.644,-12.644,-12.869,-12.869,-7.740,-7.205,-11.764,-9.158,-10.488
2.691535e+09,-1.414,-1.414,-12.351,-12.351,-12.598,-12.598,-7.609,-7.079,-11.299,-9.143,-10.287
2.754229e+09,-1.470,-1.470,-12.056,-12.056,-12.326,-12.326,-7.480,-6.955,-10.843,-9.127,-10.086
2.818383e+09,-1.528,-1.528,-11.760,-11.760,-12.053,-12.053,-7.353,-6.833,-10.396,-9.111,-9.884
2.884032e+09,-1.589,-1.589,-11.463,-11.463,-11.779,-11.779,-7.228,-6.714,-9.960,-9.094,-9.682
2.951209e+09,-1.652,-1.652,-11.165,-11.165,-11.504,-11.504,-7.106,-6.597,-9.535,-9.078,-9.480
3.019952e+09,-1.718,-1.718,-10.868,-10.868,-11.228,-11.228,-6.986,-6.482,-9.123,-9.060,-9.277
3.090295e+09,-1.787,-1.787,-10.572,-10.572,-10.952,-10.952,-6.869,-6.371,-8.727,-9.043,-9.075
3.162278e+09,-1.859,-1.859,-10.276,-10.276,-10.677,-10.677,-6.756,-6.263,-8.347,-9.025,-8.872
3.235937e+09,-1.934,-1.934,-9.983,-9.983,-10.403,-10.403,-6.645,-6.157,-7.985,-9.007,-8.671
3.311311e+09,-2.013,-2.013,-9.692,-9.692,-10.129,-10.129,-6.538,-6.056,-7.644,-8.988,-8.469
3.388442e+09,-2.095,-2.095,-9.404,-9.404,-9.858,-9.858,-6.435,-5.958,-7.324,-8.969,-8.269
3.467369e+09,-2.181,-2.181,-9.121,-9.121,-9.589,-9.589,-6.337,-5.865,-7.027,-8.950,-8.069
3.548134e+09,-2.270,-2.270,-8.844,-8.844,-9.324,-9.324,-6.243,-5.776,-6.755,-8.931,-7.871
3.630781e+09,-2.363,-2.363,-8.698,-8.450,-9.183,-8.943,-6.221,-5.752,-6.619,-8.911,-7.763
3.715352e+09,-2.461,-2.461,-8.770,-7.861,-9.251,-8.365,-6.323,-5.837,-6.681,-8.891,-7.811
3.801894e+09,-2.562,-2.562,-8.847,-7.293,-9.323,-7.800,-6.434,-5.931,-6.739,-8.871,-7.864
3.890451e+09,-2.668,-2.668,-8.929,-6.754,-9.400,-7.255,-6.555,-6.034,-6.795,-8.850,-7.925
3.981072e+09,-2.779,-2.779,-9.015,-6.256,-9.481,-6.737,-6.686,-6.144,-6.848,-8.829,-7.992
4.073803e+09,-2.895,-2.895,-9.105,-5.807,-9.567,-6.255,-6.827,-6.263,-6.897,-8.809,-8.066
4.168694e+09,-3.015,-3.015,-9.198,-5.418,-9.656,-5.818,-6.979,-6.391,-6.941,-8.787,-8.148
4.265795e+09,-3.141,-3.141,-9.294,-5.098,-9.749,-5.436,-7.140,-6.526,-6.982,-8.766,-8.237
4.365158e+09,-3.272,-3.272,-9.392,-4.854,-9.845,-5.117,-7.310,-6.668,-7.018,-8.745,-8.334
4.466836e+09,-3.409,-3.409,-9.492,-4.690,-9.944,-4.870,-7.488,-6.817,-7.050,-8.724,-8.437
4.570882e+09,-3.552,-3.552,-9.594,-4.606,-10.045,-4.697,-7.674,-6.971,-7.078,-8.702,-8.549
4.677351e+09,-3.700,-3.700,-9.697,-4.597,-10.148,-4.600,-7.866,-7.129,-7.101,-8.681,-8.667
4.786301e+09,-3.856,-3.856,-9.800,-4.656,-10.252,-4.578,-8.061,-7.289,-7.119,-8.659,-8.793
4.897788e+09,-4.017,-4.017,-9.903,-4.773,-10.358,-4.623,-8.259,-7.449,-7.133,-8.638,-8.926
5.011872e+09,-4.186,-4.186,-10.007,-4.940,-10.464,-4.729,-8.457,-7.607,-7.143,-8.616,-9.066
5.128614e+09,-4.362,-4.362,-10.109,-5.144,-10.571,-4.885,-8.650,-7.760,-7.148,-8.595,-9.211
5.248075e+09,-4.545,-4.545,-10.211,-5.376,-10.677,-5.083,-8.835,-7.904,-7.148,-8.574,-9.363
5.370318e+09,-4.736,-4.736,-10.311,-5.629,-10.783,-5.313,-9.009,-8.037,-7.144,-8.553,-9.520
5.495409e+09,-4.934,-4.934,-10.410,-5.896,-10.889,-5.567,-9.167,-8.155,-7.136,-8.532,-9.682
5.623413e+09,-5.141,-5.141,-10.507,-6.171,-10.994,-5.838,-9.305,-8.255,-7.123,-8.511,-9.847
5.754399e+09,-5.356,-5.356,-10.602,-6.450,-11.097,-6.121,-9.417,-8.332,-7.106,-8.490,-10.015
5.888437e+09,-5.579,-5.579,-10.052,-7.000,-10.471,-6.728,-10.084,-8.934,-6.874,-8.470,-9.655
6.025596e+09,-5.812,-5.812,-9.504,-7.573,-9.817,-7.366,-11.340,-10.056,-6.679,-8.450,-9.280
6.165950e+09,-6.053,-6.053,-9.252,-8.040,-9.483,-7.886,-12.901,-11.396,-6.594,-8.430,-9.167
6.309573e+09,-6.303,-6.303,-9.186,-8.431,-9.361,-8.323,-14.572,-12.741,-6.563,-8.411,-9.259
6.456542e+09,-6.563,-6.563,-9.232,-8.768,-9.373,-8.700,-15.891,-13.708,-6.556,-8.391,-9.504
6.606934e+09,-6.832,-6.832,-9.342,-9.064,-9.466,-9.033,-16.277,-13.932,-6.556,-8.373,-9.867
6.760830e+09,-7.110,-7.110,-9.488,-9.329,-9.607,-9.333,-15.667,-13.439,-6.554,-8.354,-10.318
6.918310e+09,-7.397,-7.397,-9.651,-9.570,-9.776,-9.608,-14.565,-12.569,-6.548,-8.336,-10.839
7.079458e+09,-7.692,-7.693,-9.824,-9.791,-9.960,-9.863,-13.393,-11.615,-6.535,-8.318,-11.417
7.244360e+09,-7.996,-7.996,-9.999,-9.997,-10.154,-10.103,-12.324,-10.719,-6.516,-8.301,-12.045
7.413102e+09,-8.307,-8.308,-10.174,-10.191,-10.351,-10.331,-11.394,-9.922,-6.490,-8.284,-12.718
7.585776e+09,-8.624,-8.625,-10.347,-10.373,-10.549,-10.548,-10.595,-9.228,-6.457,-8.267,-13.428
7.762471e+09,-8.945,-8.946,-10.516,-10.546,-10.748,-10.757,-9.907,-8.625,-6.419,-8.251,-14.168
7.943282e+09,-9.269,-9.270,-10.680,-10.710,-10.944,-10.959,-9.312,-8.100,-6.374,-8.235,-14.922
8.128305e+09,-9.591,-9.594,-10.748,-10.789,-11.036,-11.064,-8.953,-7.788,-6.305,-8.220,-15.242
8.317638e+09,-9.910,-9.914,-10.767,-10.825,-11.074,-11.122,-8.695,-7.568,-6.224,-8.204,-15.327
8.511380e+09,-10.220,-10.226,-10.778,-10.853,-11.102,-11.170,-8.456,-7.366,-6.141,-8.189,-15.363
8.709636e+09,-10.516,-10.525,-10.778,-10.870,-11.119,-11.207,-8.236,-7.180,-6.056,-8.175,-15.358
8.912509e+09,-10.792,-10.800,-10.769,-10.875,-11.124,-11.230,-8.029,-7.006,-5.969,-8.160,-15.327
9.120108e+09,-11.038,-11.038,-10.752,-10.868,-11.117,-11.238,-7.829,-6.839,-5.880,-8.146,-15.299
9.332543e+09,-11.245,-11.235,-10.730,-10.849,-11.102,-11.230,-7.628,-6.669,-5.792,-8.131,-15.318
9.549926e+09,-11.399,-11.384,-10.711,-10.818,-11.086,-11.204,-7.406,-6.479,-5.706,-8.117,-15.459
9.772372e+09,-11.487,-11.470,-10.713,-10.784,-11.083,-11.165,-7.134,-6.241,-5.625,-8.103,-15.854
1.000000e+10,-11.495,-11.480,-10.764,-10.764,-11.125,-11.125,-6.763,-5.908,-5.554,-8.088,-16.764
